{"stats":{"minecraft:mined":{"minecraft:iron_ore":12,"minecraft:andesite":1,"minecraft:torch":1,"minecraft:crafting_table":1,"minecraft:granite":9,"minecraft:short_grass":17,"minecraft:coal_ore":8,"minecraft:oak_log":5,"minecraft:deepslate_iron_ore":1,"minecraft:cobblestone":1,"minecraft:lapis_ore":1,"minecraft:stone":55,"minecraft:oak_leaves":4,"minecraft:wall_torch":5},"minecraft:custom":{"minecraft:time_since_rest":11693,"minecraft:interact_with_furnace":23,"minecraft:sprint_one_cm":26444,"minecraft:damage_taken":550,"minecraft:walk_one_cm":59811,"minecraft:damage_blocked_by_shield":487,"minecraft:mob_kills":8,"minecraft:drop":4,"minecraft:damage_dealt":1215,"minecraft:interact_with_crafting_table":14,"minecraft:fly_one_cm":15729,"minecraft:crouch_one_cm":224,"minecraft:play_time":21956,"minecraft:sneak_time":78,"minecraft:jump":138,"minecraft:time_since_death":21956,"minecraft:sleep_in_bed":1,"minecraft:total_world_time":21956,"minecraft:fall_one_cm":5265},"minecraft:used":{"minecraft:cooked_mutton":1,"minecraft:stone_sword":24,"minecraft:stone_pickaxe":25,"minecraft:brown_wool":1,"minecraft:iron_pickaxe":31,"minecraft:shield":13,"minecraft:wooden_pickaxe":44,"minecraft:rotten_flesh":2,"minecraft:stone_axe":8,"minecraft:torch":10,"minecraft:beef":1,"minecraft:crafting_table":1,"minecraft:andesite":1,"minecraft:cooked_beef":3,"minecraft:granite":4},"minecraft:dropped":{"minecraft:wheat_seeds":2,"minecraft:stone_sword":1,"minecraft:string":1},"minecraft:picked_up":{"minecraft:raw_iron":15,"minecraft:crafting_table":1,"minecraft:cooked_beef":1,"minecraft:andesite":1,"minecraft:brown_wool":1,"minecraft:torch":6,"minecraft:oak_log":5,"minecraft:dirt":7,"minecraft:string":3,"minecraft:lapis_lazuli":6,"minecraft:stone_sword":1,"minecraft:rotten_flesh":2,"minecraft:wheat_seeds":2,"minecraft:cobbled_deepslate":3,"minecraft:iron_ingot":1,"minecraft:granite":8,"minecraft:beef":1,"minecraft:coal":8,"minecraft:mutton":1,"minecraft:cobblestone":52},"minecraft:crafted":{"minecraft:cooked_beef":2,"minecraft:oak_planks":20,"minecraft:shield":1,"minecraft:iron_axe":1,"minecraft:stick":20,"minecraft:iron_ingot":6,"minecraft:wooden_pickaxe":1,"minecraft:iron_pickaxe":1,"minecraft:stone_pickaxe":1,"minecraft:stone_sword":1,"minecraft:torch":32,"minecraft:stone_axe":1,"minecraft:cooked_mutton":1,"minecraft:air":0},"minecraft:killed":{"minecraft:skeleton":1,"minecraft:sheep":1,"minecraft:zombie":3,"minecraft:spider":1,"minecraft:cow":1}},"DataVersion":3953}