{"stats":{"minecraft:killed":{"minecraft:spider":3,"minecraft:skeleton":5,"minecraft:chicken":5,"minecraft:silverfish":1,"minecraft:pig":11,"minecraft:zombie_villager":1,"minecraft:iron_golem":3,"minecraft:sheep":12,"minecraft:trader_llama":2,"minecraft:zombie":24,"minecraft:villager":1,"minecraft:cow":12,"minecraft:enderman":2},"minecraft:picked_up":{"minecraft:crafting_table":1,"minecraft:iron_chestplate":3,"minecraft:wheat":34,"minecraft:chicken":5,"minecraft:lead":4,"minecraft:wooden_pickaxe":4,"minecraft:shield":7,"minecraft:string":11,"minecraft:iron_axe":9,"minecraft:iron_leggings":4,"minecraft:beetroot":4,"minecraft:cobbled_deepslate":127,"minecraft:bucket":6,"minecraft:beef":25,"minecraft:poppy":11,"minecraft:iron_pickaxe":6,"minecraft:light_gray_wool":2,"minecraft:birch_sapling":1,"minecraft:iron_boots":4,"minecraft:egg":1,"minecraft:dark_oak_sapling":1,"minecraft:stick":22,"minecraft:raw_iron":46,"minecraft:torch":26,"minecraft:acacia_log":5,"minecraft:porkchop":38,"minecraft:polished_blackstone_bricks":1,"minecraft:cherry_log":316,"minecraft:carrot":16,"minecraft:stone_sword":5,"minecraft:arrow":22,"minecraft:rotten_flesh":49,"minecraft:beetroot_seeds":14,"minecraft:hay_block":15,"minecraft:mutton":19,"minecraft:white_wool":13,"minecraft:cobblestone":225,"minecraft:oxeye_daisy":1,"minecraft:birch_log":80,"minecraft:pink_petals":6,"minecraft:feather":3,"minecraft:cooked_beef":1,"minecraft:water_bucket":1,"minecraft:andesite":13,"minecraft:brown_wool":1,"minecraft:leather":26,"minecraft:potato":159,"minecraft:oak_log":174,"minecraft:golden_boots":1,"minecraft:lapis_lazuli":18,"minecraft:dirt":121,"minecraft:bone":16,"minecraft:bow":1,"minecraft:wheat_seeds":133,"minecraft:stone_pickaxe":6,"minecraft:iron_ingot":28,"minecraft:iron_sword":3,"minecraft:oak_planks":17,"minecraft:warped_fungus":1,"minecraft:gravel":1,"minecraft:spruce_sapling":1,"minecraft:white_bed":1,"minecraft:spectral_arrow":12,"minecraft:dark_oak_log":1,"minecraft:diamond":2,"minecraft:stone_axe":9,"minecraft:iron_helmet":3,"minecraft:granite":17,"minecraft:cherry_sapling":8,"minecraft:oak_sapling":1,"minecraft:coal":12,"minecraft:sunflower":1,"minecraft:ender_pearl":1},"minecraft:used":{"minecraft:netherite_sword":2,"minecraft:stone_sword":178,"minecraft:shield":147,"minecraft:iron_sword":78,"minecraft:rotten_flesh":13,"minecraft:iron_chestplate":1,"minecraft:torch":28,"minecraft:anvil":1,"minecraft:dirt":37,"minecraft:mutton":10,"minecraft:carrot":11,"minecraft:granite":5,"minecraft:warden_spawn_egg":1,"minecraft:lava_bucket":1,"minecraft:iron_axe":283,"minecraft:birch_sapling":1,"minecraft:iron_helmet":2,"minecraft:iron_boots":1,"minecraft:glowstone":2,"minecraft:bow":2,"minecraft:beef":18,"minecraft:furnace":1,"minecraft:egg":1,"minecraft:cooked_beef":4,"minecraft:potato":1,"minecraft:cobbled_deepslate":43,"minecraft:enchanted_golden_apple":2,"minecraft:dark_oak_sapling":1,"minecraft:iron_leggings":2,"minecraft:cooked_mutton":2,"minecraft:acacia_boat":1,"minecraft:stone_pickaxe":106,"minecraft:oak_planks":8,"minecraft:wooden_pickaxe":84,"minecraft:respawn_anchor":7,"minecraft:crafting_table":3,"minecraft:white_bed":2,"minecraft:chicken":2,"minecraft:bread":9,"minecraft:brown_wool":1,"minecraft:iron_pickaxe":71,"minecraft:gravel":1,"minecraft:stone_axe":252,"minecraft:cobblestone":69,"minecraft:cooked_porkchop":1,"minecraft:porkchop":8,"minecraft:andesite":1,"minecraft:bucket":1,"minecraft:splash_potion":20},"minecraft:mined":{"minecraft:white_bed":1,"minecraft:deepslate_diamond_ore":1,"minecraft:sculk_vein":1,"minecraft:cherry_log":159,"minecraft:granite":10,"minecraft:acacia_log":5,"minecraft:grass_block":2,"minecraft:spruce_leaves":1,"minecraft:hay_block":8,"minecraft:polished_blackstone_bricks":1,"minecraft:carrots":3,"minecraft:iron_ore":13,"minecraft:cobbled_deepslate":4,"minecraft:andesite":4,"minecraft:potatoes":27,"minecraft:deepslate_iron_ore":8,"minecraft:stone":100,"minecraft:acacia_leaves":1,"minecraft:glass_pane":1,"minecraft:powder_snow":3,"minecraft:crafting_table":1,"minecraft:torch":5,"minecraft:short_grass":274,"minecraft:tall_grass":37,"minecraft:cobblestone":29,"minecraft:lapis_ore":1,"minecraft:oak_planks":1,"minecraft:sculk":13,"minecraft:wall_torch":17,"minecraft:pink_petals":1,"minecraft:birch_log":46,"minecraft:wheat":18,"minecraft:birch_leaves":5,"minecraft:warped_fungus":1,"minecraft:oak_log":102,"minecraft:coal_ore":8,"minecraft:beetroots":2,"minecraft:cherry_leaves":8,"minecraft:sunflower":1,"minecraft:gravel":1,"minecraft:dirt":22,"minecraft:oak_leaves":17,"minecraft:deepslate":4,"minecraft:fern":1},"minecraft:crafted":{"minecraft:oak_planks":88,"minecraft:furnace":1,"minecraft:cooked_mutton":2,"minecraft:iron_boots":1,"minecraft:iron_axe":3,"minecraft:stone_pickaxe":3,"minecraft:dark_oak_planks":4,"minecraft:wheat":9,"minecraft:cooked_beef":7,"minecraft:emerald":2,"minecraft:cooked_porkchop":13,"minecraft:crafting_table":2,"minecraft:wooden_pickaxe":3,"minecraft:iron_helmet":1,"minecraft:iron_sword":1,"minecraft:bucket":1,"minecraft:birch_planks":48,"minecraft:stone_axe":5,"minecraft:acacia_boat":1,"minecraft:bread":15,"minecraft:air":0,"minecraft:iron_chestplate":1,"minecraft:shield":2,"minecraft:stick":100,"minecraft:iron_ingot":29,"minecraft:iron_pickaxe":3,"minecraft:stone_sword":2,"minecraft:iron_leggings":1,"minecraft:white_bed":1,"minecraft:acacia_planks":20,"minecraft:torch":40},"minecraft:killed_by":{"minecraft:zombie_villager":2,"minecraft:player":3,"minecraft:piglin_brute":1,"minecraft:creeper":1,"minecraft:spider":1,"minecraft:enderman":1,"minecraft:iron_golem":1,"minecraft:warden":1,"minecraft:skeleton":2,"minecraft:zombie":2},"minecraft:dropped":{"minecraft:iron_ingot":1,"minecraft:wheat_seeds":69,"minecraft:cooked_beef":4,"minecraft:oak_log":3,"minecraft:iron_helmet":1,"minecraft:cobblestone":45,"minecraft:oxeye_daisy":1,"minecraft:lava_bucket":1,"minecraft:dirt":14,"minecraft:torch":9,"minecraft:iron_leggings":1,"minecraft:iron_axe":2,"minecraft:iron_pickaxe":1,"minecraft:string":1,"minecraft:pink_petals":3,"minecraft:spruce_sapling":1,"minecraft:bone":1,"minecraft:stone_axe":2,"minecraft:stone_sword":2,"minecraft:cobbled_deepslate":7,"minecraft:rotten_flesh":3,"minecraft:oak_planks":6,"minecraft:iron_boots":1,"minecraft:shield":1,"minecraft:iron_chestplate":1,"minecraft:stone_pickaxe":1},"minecraft:custom":{"minecraft:interact_with_anvil":8,"minecraft:mob_kills":88,"minecraft:interact_with_crafting_table":38,"minecraft:leave_game":9,"minecraft:time_since_death":1156,"minecraft:climb_one_cm":889,"minecraft:damage_resisted":171,"minecraft:sprint_one_cm":594637,"minecraft:walk_one_cm":452989,"minecraft:damage_blocked_by_shield":4083,"minecraft:drop":107,"minecraft:talked_to_villager":10,"minecraft:play_time":232745,"minecraft:deaths":19,"minecraft:sneak_time":3153,"minecraft:walk_under_water_one_cm":6500,"minecraft:boat_one_cm":28109,"minecraft:jump":3659,"minecraft:walk_on_water_one_cm":6438,"minecraft:total_world_time":232745,"minecraft:interact_with_furnace":49,"minecraft:traded_with_villager":4,"minecraft:sleep_in_bed":7,"minecraft:time_since_rest":1214,"minecraft:damage_taken":6353,"minecraft:damage_absorbed":319,"minecraft:damage_dealt":13844,"minecraft:swim_one_cm":18068,"minecraft:player_kills":1,"minecraft:fly_one_cm":594979,"minecraft:open_chest":66,"minecraft:crouch_one_cm":11831,"minecraft:fall_one_cm":97470}},"DataVersion":3953}