{"stats":{"minecraft:mined":{"minecraft:white_bed":1,"minecraft:deepslate_diamond_ore":1,"minecraft:sculk_vein":1,"minecraft:powder_snow":3,"minecraft:crafting_table":1,"minecraft:torch":5,"minecraft:granite":10,"minecraft:short_grass":46,"minecraft:tall_grass":2,"minecraft:cobblestone":21,"minecraft:lapis_ore":1,"minecraft:oak_planks":1,"minecraft:sculk":13,"minecraft:wall_torch":17,"minecraft:birch_log":34,"minecraft:cobbled_deepslate":4,"minecraft:iron_ore":13,"minecraft:birch_leaves":2,"minecraft:andesite":4,"minecraft:oak_log":5,"minecraft:coal_ore":8,"minecraft:deepslate_iron_ore":8,"minecraft:gravel":1,"minecraft:dirt":16,"minecraft:stone":69,"minecraft:oak_leaves":5,"minecraft:deepslate":4},"minecraft:custom":{"minecraft:interact_with_furnace":42,"minecraft:mob_kills":61,"minecraft:interact_with_crafting_table":24,"minecraft:leave_game":2,"minecraft:time_since_death":11454,"minecraft:sleep_in_bed":4,"minecraft:time_since_rest":11502,"minecraft:sprint_one_cm":230282,"minecraft:damage_taken":3353,"minecraft:walk_one_cm":256338,"minecraft:damage_blocked_by_shield":3783,"minecraft:drop":30,"minecraft:damage_dealt":9063,"minecraft:talked_to_villager":1,"minecraft:fly_one_cm":161537,"minecraft:open_chest":41,"minecraft:crouch_one_cm":4864,"minecraft:play_time":96710,"minecraft:deaths":10,"minecraft:sneak_time":1447,"minecraft:jump":1507,"minecraft:total_world_time":96710,"minecraft:fall_one_cm":34499},"minecraft:used":{"minecraft:cooked_mutton":2,"minecraft:stone_sword":47,"minecraft:stone_pickaxe":62,"minecraft:wooden_pickaxe":45,"minecraft:shield":141,"minecraft:iron_sword":39,"minecraft:rotten_flesh":13,"minecraft:iron_chestplate":1,"minecraft:torch":28,"minecraft:dirt":29,"minecraft:mutton":6,"minecraft:crafting_table":1,"minecraft:white_bed":2,"minecraft:granite":5,"minecraft:iron_axe":121,"minecraft:brown_wool":1,"minecraft:iron_pickaxe":70,"minecraft:iron_helmet":2,"minecraft:iron_boots":1,"minecraft:gravel":1,"minecraft:stone_axe":52,"minecraft:cobblestone":67,"minecraft:beef":4,"minecraft:porkchop":3,"minecraft:andesite":1,"minecraft:cooked_beef":3,"minecraft:cobbled_deepslate":43,"minecraft:iron_leggings":2},"minecraft:dropped":{"minecraft:iron_ingot":1,"minecraft:stone_axe":1,"minecraft:wheat_seeds":2,"minecraft:oak_log":3,"minecraft:stone_sword":2,"minecraft:cobbled_deepslate":7,"minecraft:cobblestone":45,"minecraft:iron_helmet":1,"minecraft:rotten_flesh":3,"minecraft:oak_planks":6,"minecraft:iron_boots":1,"minecraft:dirt":14,"minecraft:shield":1,"minecraft:torch":9,"minecraft:iron_chestplate":1,"minecraft:iron_leggings":1,"minecraft:iron_axe":2,"minecraft:stone_pickaxe":1,"minecraft:iron_pickaxe":1,"minecraft:string":1,"minecraft:bone":1},"minecraft:picked_up":{"minecraft:birch_log":68,"minecraft:crafting_table":1,"minecraft:iron_chestplate":3,"minecraft:feather":1,"minecraft:cooked_beef":1,"minecraft:chicken":1,"minecraft:andesite":13,"minecraft:leather":12,"minecraft:brown_wool":1,"minecraft:lead":4,"minecraft:wooden_pickaxe":3,"minecraft:oak_log":5,"minecraft:shield":6,"minecraft:lapis_lazuli":18,"minecraft:dirt":64,"minecraft:string":11,"minecraft:iron_axe":7,"minecraft:iron_leggings":4,"minecraft:bone":14,"minecraft:wheat_seeds":5,"minecraft:cobbled_deepslate":127,"minecraft:bucket":6,"minecraft:iron_ingot":11,"minecraft:beef":8,"minecraft:stone_pickaxe":6,"minecraft:light_gray_wool":1,"minecraft:iron_pickaxe":4,"minecraft:iron_sword":1,"minecraft:oak_planks":10,"minecraft:iron_boots":4,"minecraft:raw_iron":46,"minecraft:torch":26,"minecraft:porkchop":21,"minecraft:gravel":1,"minecraft:white_bed":1,"minecraft:stone_sword":5,"minecraft:arrow":21,"minecraft:rotten_flesh":49,"minecraft:diamond":2,"minecraft:stone_axe":6,"minecraft:iron_helmet":3,"minecraft:granite":17,"minecraft:mutton":14,"minecraft:coal":12,"minecraft:white_wool":11,"minecraft:cobblestone":184,"minecraft:ender_pearl":1},"minecraft:crafted":{"minecraft:cooked_beef":2,"minecraft:oak_planks":40,"minecraft:iron_sword":1,"minecraft:iron_helmet":1,"minecraft:wooden_pickaxe":1,"minecraft:bucket":1,"minecraft:stone_axe":2,"minecraft:cooked_mutton":2,"minecraft:air":0,"minecraft:iron_boots":1,"minecraft:iron_chestplate":1,"minecraft:shield":1,"minecraft:iron_axe":1,"minecraft:stick":28,"minecraft:iron_ingot":29,"minecraft:iron_pickaxe":1,"minecraft:stone_pickaxe":1,"minecraft:stone_sword":1,"minecraft:white_bed":1,"minecraft:iron_leggings":1,"minecraft:torch":40},"minecraft:killed":{"minecraft:pig":6,"minecraft:zombie_villager":1,"minecraft:spider":3,"minecraft:sheep":8,"minecraft:skeleton":4,"minecraft:trader_llama":2,"minecraft:zombie":24,"minecraft:chicken":1,"minecraft:silverfish":1,"minecraft:cow":5,"minecraft:enderman":2},"minecraft:killed_by":{"minecraft:zombie_villager":2,"minecraft:player":1,"minecraft:skeleton":2,"minecraft:creeper":1,"minecraft:zombie":2,"minecraft:enderman":1}},"DataVersion":3953}