{"stats":{"minecraft:mined":{"minecraft:iron_ore":1,"minecraft:crafting_table":1,"minecraft:short_grass":17,"minecraft:coal_ore":1,"minecraft:oak_log":5,"minecraft:stone":40,"minecraft:oak_leaves":4,"minecraft:wall_torch":2},"minecraft:custom":{"minecraft:time_since_rest":9956,"minecraft:interact_with_furnace":8,"minecraft:sprint_one_cm":15321,"minecraft:damage_taken":60,"minecraft:walk_one_cm":28774,"minecraft:mob_kills":2,"minecraft:drop":2,"minecraft:damage_dealt":190,"minecraft:interact_with_crafting_table":3,"minecraft:fly_one_cm":7012,"minecraft:crouch_one_cm":224,"minecraft:play_time":9956,"minecraft:sneak_time":61,"minecraft:jump":69,"minecraft:time_since_death":9956,"minecraft:total_world_time":9956,"minecraft:fall_one_cm":3109},"minecraft:used":{"minecraft:stone_sword":5,"minecraft:stone_pickaxe":7,"minecraft:brown_wool":1,"minecraft:wooden_pickaxe":44,"minecraft:stone_axe":1,"minecraft:torch":4,"minecraft:beef":1,"minecraft:crafting_table":1},"minecraft:dropped":{"minecraft:wheat_seeds":2},"minecraft:picked_up":{"minecraft:crafting_table":1,"minecraft:brown_wool":1,"minecraft:torch":1,"minecraft:oak_log":5,"minecraft:wheat_seeds":2,"minecraft:beef":1,"minecraft:coal":1,"minecraft:mutton":1,"minecraft:cobblestone":35},"minecraft:crafted":{"minecraft:cooked_beef":2,"minecraft:oak_planks":20,"minecraft:stick":8,"minecraft:iron_ingot":2,"minecraft:wooden_pickaxe":1,"minecraft:stone_pickaxe":1,"minecraft:stone_sword":1,"minecraft:torch":4,"minecraft:stone_axe":1,"minecraft:air":0},"minecraft:killed":{"minecraft:sheep":1,"minecraft:cow":1}},"DataVersion":3953}