{"stats":{"minecraft:mined":{"minecraft:white_bed":1,"minecraft:deepslate_diamond_ore":1,"minecraft:cherry_log":159,"minecraft:sculk_vein":1,"minecraft:granite":10,"minecraft:spruce_leaves":1,"minecraft:polished_blackstone_bricks":1,"minecraft:hay_block":8,"minecraft:carrots":3,"minecraft:iron_ore":13,"minecraft:cobbled_deepslate":4,"minecraft:andesite":4,"minecraft:potatoes":27,"minecraft:deepslate_iron_ore":8,"minecraft:stone":100,"minecraft:glass_pane":1,"minecraft:powder_snow":3,"minecraft:crafting_table":1,"minecraft:torch":5,"minecraft:short_grass":206,"minecraft:tall_grass":26,"minecraft:cobblestone":29,"minecraft:lapis_ore":1,"minecraft:oak_planks":1,"minecraft:sculk":13,"minecraft:wall_torch":17,"minecraft:pink_petals":1,"minecraft:birch_log":46,"minecraft:wheat":18,"minecraft:birch_leaves":5,"minecraft:warped_fungus":1,"minecraft:oak_log":102,"minecraft:coal_ore":8,"minecraft:beetroots":2,"minecraft:cherry_leaves":8,"minecraft:sunflower":1,"minecraft:gravel":1,"minecraft:dirt":16,"minecraft:oak_leaves":17,"minecraft:deepslate":4},"minecraft:custom":{"minecraft:mob_kills":71,"minecraft:interact_with_crafting_table":36,"minecraft:leave_game":8,"minecraft:time_since_death":9301,"minecraft:sprint_one_cm":550661,"minecraft:walk_one_cm":414793,"minecraft:damage_blocked_by_shield":4083,"minecraft:drop":102,"minecraft:talked_to_villager":10,"minecraft:play_time":188192,"minecraft:deaths":16,"minecraft:sneak_time":2916,"minecraft:walk_under_water_one_cm":3181,"minecraft:jump":3281,"minecraft:walk_on_water_one_cm":4357,"minecraft:total_world_time":188192,"minecraft:interact_with_furnace":42,"minecraft:traded_with_villager":4,"minecraft:sleep_in_bed":7,"minecraft:time_since_rest":9334,"minecraft:damage_taken":5151,"minecraft:damage_dealt":11763,"minecraft:swim_one_cm":12543,"minecraft:fly_one_cm":514855,"minecraft:player_kills":1,"minecraft:open_chest":64,"minecraft:crouch_one_cm":10509,"minecraft:fall_one_cm":84227},"minecraft:used":{"minecraft:stone_sword":47,"minecraft:shield":147,"minecraft:iron_sword":78,"minecraft:rotten_flesh":13,"minecraft:iron_chestplate":1,"minecraft:torch":28,"minecraft:dirt":29,"minecraft:mutton":6,"minecraft:carrot":11,"minecraft:granite":5,"minecraft:lava_bucket":1,"minecraft:iron_axe":283,"minecraft:birch_sapling":1,"minecraft:iron_helmet":2,"minecraft:iron_boots":1,"minecraft:bow":2,"minecraft:beef":13,"minecraft:egg":1,"minecraft:potato":1,"minecraft:cooked_beef":3,"minecraft:cobbled_deepslate":43,"minecraft:iron_leggings":2,"minecraft:dark_oak_sapling":1,"minecraft:cooked_mutton":2,"minecraft:stone_pickaxe":102,"minecraft:oak_planks":8,"minecraft:wooden_pickaxe":84,"minecraft:crafting_table":2,"minecraft:white_bed":2,"minecraft:bread":9,"minecraft:brown_wool":1,"minecraft:iron_pickaxe":71,"minecraft:gravel":1,"minecraft:stone_axe":240,"minecraft:cobblestone":69,"minecraft:porkchop":8,"minecraft:andesite":1,"minecraft:bucket":1},"minecraft:dropped":{"minecraft:iron_ingot":1,"minecraft:wheat_seeds":69,"minecraft:oak_log":3,"minecraft:iron_helmet":1,"minecraft:cobblestone":45,"minecraft:oxeye_daisy":1,"minecraft:lava_bucket":1,"minecraft:dirt":14,"minecraft:torch":9,"minecraft:iron_leggings":1,"minecraft:iron_axe":2,"minecraft:iron_pickaxe":1,"minecraft:string":1,"minecraft:pink_petals":3,"minecraft:spruce_sapling":1,"minecraft:bone":1,"minecraft:stone_axe":1,"minecraft:stone_sword":2,"minecraft:cobbled_deepslate":7,"minecraft:rotten_flesh":3,"minecraft:oak_planks":6,"minecraft:iron_boots":1,"minecraft:shield":1,"minecraft:iron_chestplate":1,"minecraft:stone_pickaxe":1},"minecraft:picked_up":{"minecraft:crafting_table":1,"minecraft:iron_chestplate":3,"minecraft:wheat":34,"minecraft:chicken":1,"minecraft:lead":4,"minecraft:wooden_pickaxe":4,"minecraft:shield":7,"minecraft:string":11,"minecraft:iron_axe":9,"minecraft:iron_leggings":4,"minecraft:beetroot":4,"minecraft:cobbled_deepslate":127,"minecraft:bucket":6,"minecraft:beef":20,"minecraft:poppy":11,"minecraft:iron_pickaxe":6,"minecraft:light_gray_wool":1,"minecraft:birch_sapling":1,"minecraft:iron_boots":4,"minecraft:egg":1,"minecraft:dark_oak_sapling":1,"minecraft:stick":22,"minecraft:raw_iron":46,"minecraft:torch":26,"minecraft:porkchop":25,"minecraft:polished_blackstone_bricks":1,"minecraft:cherry_log":316,"minecraft:carrot":16,"minecraft:stone_sword":5,"minecraft:arrow":21,"minecraft:rotten_flesh":49,"minecraft:beetroot_seeds":14,"minecraft:hay_block":15,"minecraft:mutton":15,"minecraft:oxeye_daisy":1,"minecraft:cobblestone":225,"minecraft:white_wool":12,"minecraft:birch_log":80,"minecraft:pink_petals":6,"minecraft:feather":1,"minecraft:cooked_beef":1,"minecraft:water_bucket":1,"minecraft:andesite":13,"minecraft:brown_wool":1,"minecraft:leather":18,"minecraft:potato":159,"minecraft:oak_log":174,"minecraft:golden_boots":1,"minecraft:lapis_lazuli":18,"minecraft:dirt":65,"minecraft:bone":14,"minecraft:bow":1,"minecraft:wheat_seeds":129,"minecraft:stone_pickaxe":6,"minecraft:iron_ingot":28,"minecraft:iron_sword":3,"minecraft:oak_planks":17,"minecraft:warped_fungus":1,"minecraft:gravel":1,"minecraft:spruce_sapling":1,"minecraft:white_bed":1,"minecraft:dark_oak_log":1,"minecraft:spectral_arrow":12,"minecraft:diamond":2,"minecraft:stone_axe":8,"minecraft:iron_helmet":3,"minecraft:granite":17,"minecraft:cherry_sapling":8,"minecraft:oak_sapling":1,"minecraft:coal":12,"minecraft:sunflower":1,"minecraft:ender_pearl":1},"minecraft:crafted":{"minecraft:oak_planks":88,"minecraft:cooked_mutton":2,"minecraft:iron_boots":1,"minecraft:iron_axe":3,"minecraft:stone_pickaxe":3,"minecraft:dark_oak_planks":4,"minecraft:wheat":9,"minecraft:cooked_beef":2,"minecraft:emerald":2,"minecraft:crafting_table":1,"minecraft:wooden_pickaxe":3,"minecraft:iron_helmet":1,"minecraft:iron_sword":1,"minecraft:bucket":1,"minecraft:birch_planks":48,"minecraft:stone_axe":5,"minecraft:bread":15,"minecraft:air":0,"minecraft:iron_chestplate":1,"minecraft:shield":2,"minecraft:stick":100,"minecraft:iron_ingot":29,"minecraft:iron_pickaxe":3,"minecraft:stone_sword":2,"minecraft:iron_leggings":1,"minecraft:white_bed":1,"minecraft:torch":40},"minecraft:killed":{"minecraft:spider":3,"minecraft:skeleton":4,"minecraft:chicken":1,"minecraft:silverfish":1,"minecraft:pig":6,"minecraft:zombie_villager":1,"minecraft:iron_golem":3,"minecraft:sheep":9,"minecraft:trader_llama":2,"minecraft:zombie":24,"minecraft:villager":1,"minecraft:cow":8,"minecraft:enderman":2},"minecraft:killed_by":{"minecraft:zombie_villager":2,"minecraft:player":1,"minecraft:piglin_brute":1,"minecraft:creeper":1,"minecraft:spider":1,"minecraft:enderman":1,"minecraft:iron_golem":1,"minecraft:skeleton":2,"minecraft:zombie":2}},"DataVersion":3953}