{"stats":{"minecraft:mined":{"minecraft:deepslate_diamond_ore":1,"minecraft:sculk_vein":1,"minecraft:crafting_table":1,"minecraft:torch":5,"minecraft:granite":10,"minecraft:short_grass":21,"minecraft:cobblestone":19,"minecraft:lapis_ore":1,"minecraft:oak_planks":1,"minecraft:sculk":13,"minecraft:wall_torch":17,"minecraft:birch_log":34,"minecraft:cobbled_deepslate":2,"minecraft:iron_ore":13,"minecraft:birch_leaves":2,"minecraft:andesite":4,"minecraft:oak_log":5,"minecraft:coal_ore":8,"minecraft:deepslate_iron_ore":8,"minecraft:gravel":1,"minecraft:dirt":16,"minecraft:stone":67,"minecraft:oak_leaves":4,"minecraft:deepslate":4},"minecraft:custom":{"minecraft:interact_with_furnace":41,"minecraft:mob_kills":46,"minecraft:interact_with_crafting_table":22,"minecraft:leave_game":1,"minecraft:time_since_death":10975,"minecraft:sleep_in_bed":3,"minecraft:time_since_rest":11002,"minecraft:sprint_one_cm":182433,"minecraft:damage_taken":2883,"minecraft:walk_one_cm":226006,"minecraft:damage_blocked_by_shield":3713,"minecraft:drop":29,"minecraft:damage_dealt":7765,"minecraft:talked_to_villager":1,"minecraft:fly_one_cm":123295,"minecraft:open_chest":35,"minecraft:crouch_one_cm":4864,"minecraft:play_time":81738,"minecraft:deaths":8,"minecraft:sneak_time":1401,"minecraft:jump":1130,"minecraft:total_world_time":81738,"minecraft:fall_one_cm":26324},"minecraft:used":{"minecraft:cooked_mutton":2,"minecraft:stone_sword":47,"minecraft:stone_pickaxe":46,"minecraft:wooden_pickaxe":45,"minecraft:shield":140,"minecraft:iron_sword":39,"minecraft:rotten_flesh":12,"minecraft:iron_chestplate":1,"minecraft:torch":28,"minecraft:dirt":28,"minecraft:mutton":2,"minecraft:crafting_table":1,"minecraft:granite":5,"minecraft:iron_axe":121,"minecraft:brown_wool":1,"minecraft:iron_pickaxe":70,"minecraft:iron_helmet":2,"minecraft:iron_boots":1,"minecraft:gravel":1,"minecraft:stone_axe":9,"minecraft:cobblestone":65,"minecraft:beef":1,"minecraft:andesite":1,"minecraft:cooked_beef":3,"minecraft:iron_leggings":2},"minecraft:dropped":{"minecraft:stone_axe":1,"minecraft:wheat_seeds":2,"minecraft:oak_log":3,"minecraft:stone_sword":2,"minecraft:cobbled_deepslate":7,"minecraft:cobblestone":45,"minecraft:iron_helmet":1,"minecraft:rotten_flesh":3,"minecraft:oak_planks":6,"minecraft:iron_boots":1,"minecraft:dirt":14,"minecraft:shield":1,"minecraft:torch":9,"minecraft:iron_chestplate":1,"minecraft:iron_leggings":1,"minecraft:iron_axe":2,"minecraft:stone_pickaxe":1,"minecraft:iron_pickaxe":1,"minecraft:string":1,"minecraft:bone":1},"minecraft:picked_up":{"minecraft:birch_log":34,"minecraft:crafting_table":1,"minecraft:iron_chestplate":3,"minecraft:cooked_beef":1,"minecraft:andesite":13,"minecraft:leather":4,"minecraft:brown_wool":1,"minecraft:lead":2,"minecraft:wooden_pickaxe":3,"minecraft:oak_log":5,"minecraft:shield":6,"minecraft:lapis_lazuli":18,"minecraft:dirt":63,"minecraft:string":11,"minecraft:iron_axe":7,"minecraft:iron_leggings":4,"minecraft:bone":14,"minecraft:wheat_seeds":3,"minecraft:cobbled_deepslate":23,"minecraft:bucket":4,"minecraft:iron_ingot":11,"minecraft:beef":1,"minecraft:stone_pickaxe":5,"minecraft:iron_pickaxe":4,"minecraft:iron_sword":1,"minecraft:oak_planks":1,"minecraft:iron_boots":4,"minecraft:raw_iron":46,"minecraft:torch":26,"minecraft:porkchop":7,"minecraft:gravel":1,"minecraft:stone_sword":5,"minecraft:arrow":21,"minecraft:rotten_flesh":42,"minecraft:diamond":2,"minecraft:stone_axe":5,"minecraft:iron_helmet":3,"minecraft:granite":17,"minecraft:mutton":10,"minecraft:coal":12,"minecraft:white_wool":4,"minecraft:cobblestone":180,"minecraft:ender_pearl":1},"minecraft:crafted":{"minecraft:cooked_beef":2,"minecraft:oak_planks":28,"minecraft:iron_sword":1,"minecraft:iron_helmet":1,"minecraft:wooden_pickaxe":1,"minecraft:bucket":1,"minecraft:stone_axe":1,"minecraft:cooked_mutton":2,"minecraft:air":0,"minecraft:iron_boots":1,"minecraft:iron_chestplate":1,"minecraft:shield":1,"minecraft:iron_axe":1,"minecraft:stick":28,"minecraft:iron_ingot":28,"minecraft:iron_pickaxe":1,"minecraft:stone_pickaxe":1,"minecraft:stone_sword":1,"minecraft:iron_leggings":1,"minecraft:torch":40},"minecraft:killed":{"minecraft:pig":3,"minecraft:zombie_villager":1,"minecraft:spider":3,"minecraft:sheep":5,"minecraft:skeleton":4,"minecraft:trader_llama":2,"minecraft:zombie":20,"minecraft:silverfish":1,"minecraft:cow":1,"minecraft:enderman":2},"minecraft:killed_by":{"minecraft:zombie_villager":2,"minecraft:player":1,"minecraft:skeleton":2,"minecraft:creeper":1,"minecraft:zombie":1,"minecraft:enderman":1}},"DataVersion":3953}