{"stats":{"minecraft:mined":{"minecraft:deepslate_diamond_ore":1,"minecraft:sculk_vein":1,"minecraft:crafting_table":1,"minecraft:torch":5,"minecraft:granite":9,"minecraft:short_grass":17,"minecraft:cobblestone":5,"minecraft:lapis_ore":1,"minecraft:oak_planks":1,"minecraft:sculk":13,"minecraft:wall_torch":17,"minecraft:iron_ore":13,"minecraft:andesite":1,"minecraft:oak_log":5,"minecraft:coal_ore":8,"minecraft:deepslate_iron_ore":8,"minecraft:gravel":1,"minecraft:dirt":6,"minecraft:stone":56,"minecraft:oak_leaves":4,"minecraft:deepslate":4},"minecraft:custom":{"minecraft:interact_with_furnace":33,"minecraft:mob_kills":20,"minecraft:interact_with_crafting_table":19,"minecraft:leave_game":1,"minecraft:time_since_death":17047,"minecraft:sleep_in_bed":2,"minecraft:time_since_rest":17081,"minecraft:sprint_one_cm":127171,"minecraft:damage_taken":1542,"minecraft:walk_one_cm":140731,"minecraft:damage_blocked_by_shield":2081,"minecraft:drop":28,"minecraft:damage_dealt":3840,"minecraft:fly_one_cm":91456,"minecraft:open_chest":11,"minecraft:crouch_one_cm":4070,"minecraft:play_time":57738,"minecraft:deaths":3,"minecraft:sneak_time":1040,"minecraft:jump":815,"minecraft:total_world_time":57738,"minecraft:fall_one_cm":20690},"minecraft:used":{"minecraft:cooked_mutton":2,"minecraft:stone_sword":47,"minecraft:stone_pickaxe":31,"minecraft:wooden_pickaxe":44,"minecraft:shield":76,"minecraft:rotten_flesh":12,"minecraft:iron_chestplate":1,"minecraft:torch":28,"minecraft:dirt":18,"minecraft:crafting_table":1,"minecraft:granite":4,"minecraft:iron_axe":43,"minecraft:brown_wool":1,"minecraft:iron_pickaxe":44,"minecraft:iron_helmet":2,"minecraft:iron_boots":1,"minecraft:gravel":1,"minecraft:stone_axe":8,"minecraft:cobblestone":1,"minecraft:beef":1,"minecraft:andesite":1,"minecraft:cooked_beef":3,"minecraft:iron_leggings":1},"minecraft:dropped":{"minecraft:stone_axe":1,"minecraft:wheat_seeds":2,"minecraft:oak_log":3,"minecraft:stone_sword":2,"minecraft:cobbled_deepslate":7,"minecraft:cobblestone":45,"minecraft:iron_helmet":1,"minecraft:rotten_flesh":3,"minecraft:oak_planks":6,"minecraft:iron_boots":1,"minecraft:dirt":14,"minecraft:shield":1,"minecraft:torch":9,"minecraft:iron_chestplate":1,"minecraft:iron_leggings":1,"minecraft:iron_axe":1,"minecraft:stone_pickaxe":1,"minecraft:iron_pickaxe":1,"minecraft:string":1,"minecraft:bone":1},"minecraft:picked_up":{"minecraft:crafting_table":1,"minecraft:iron_chestplate":1,"minecraft:cooked_beef":1,"minecraft:andesite":1,"minecraft:brown_wool":1,"minecraft:wooden_pickaxe":2,"minecraft:oak_log":5,"minecraft:shield":3,"minecraft:lapis_lazuli":18,"minecraft:dirt":40,"minecraft:string":7,"minecraft:iron_axe":3,"minecraft:iron_leggings":1,"minecraft:bone":2,"minecraft:wheat_seeds":2,"minecraft:cobbled_deepslate":21,"minecraft:iron_ingot":11,"minecraft:beef":1,"minecraft:stone_pickaxe":3,"minecraft:iron_pickaxe":3,"minecraft:oak_planks":1,"minecraft:iron_boots":1,"minecraft:raw_iron":33,"minecraft:torch":26,"minecraft:gravel":1,"minecraft:stone_sword":4,"minecraft:arrow":10,"minecraft:rotten_flesh":37,"minecraft:diamond":2,"minecraft:stone_axe":3,"minecraft:iron_helmet":1,"minecraft:granite":16,"minecraft:mutton":3,"minecraft:coal":12,"minecraft:cobblestone":148,"minecraft:ender_pearl":1},"minecraft:crafted":{"minecraft:cooked_beef":2,"minecraft:oak_planks":28,"minecraft:iron_helmet":1,"minecraft:wooden_pickaxe":1,"minecraft:stone_axe":1,"minecraft:cooked_mutton":2,"minecraft:air":0,"minecraft:iron_boots":1,"minecraft:iron_chestplate":1,"minecraft:shield":1,"minecraft:iron_axe":1,"minecraft:stick":24,"minecraft:iron_ingot":25,"minecraft:iron_pickaxe":1,"minecraft:stone_pickaxe":1,"minecraft:stone_sword":1,"minecraft:iron_leggings":1,"minecraft:torch":40},"minecraft:killed":{"minecraft:spider":1,"minecraft:sheep":1,"minecraft:skeleton":2,"minecraft:zombie":10,"minecraft:silverfish":1,"minecraft:cow":1,"minecraft:enderman":2},"minecraft:killed_by":{"minecraft:player":1,"minecraft:zombie":1,"minecraft:enderman":1}},"DataVersion":3953}