{"stats":{"minecraft:mined":{"minecraft:deepslate_diamond_ore":1,"minecraft:crafting_table":1,"minecraft:torch":1,"minecraft:granite":9,"minecraft:short_grass":17,"minecraft:cobblestone":2,"minecraft:lapis_ore":1,"minecraft:oak_planks":1,"minecraft:sculk":1,"minecraft:wall_torch":5,"minecraft:iron_ore":13,"minecraft:andesite":1,"minecraft:oak_log":5,"minecraft:coal_ore":8,"minecraft:deepslate_iron_ore":8,"minecraft:dirt":2,"minecraft:stone":56,"minecraft:deepslate":1,"minecraft:oak_leaves":4},"minecraft:custom":{"minecraft:interact_with_furnace":31,"minecraft:mob_kills":15,"minecraft:interact_with_crafting_table":16,"minecraft:time_since_death":6471,"minecraft:sleep_in_bed":1,"minecraft:time_since_rest":6498,"minecraft:sprint_one_cm":51635,"minecraft:damage_taken":1072,"minecraft:walk_one_cm":89374,"minecraft:damage_blocked_by_shield":1501,"minecraft:drop":7,"minecraft:damage_dealt":2627,"minecraft:fly_one_cm":40907,"minecraft:open_chest":2,"minecraft:crouch_one_cm":2979,"minecraft:play_time":33956,"minecraft:deaths":2,"minecraft:sneak_time":645,"minecraft:jump":305,"minecraft:total_world_time":33956,"minecraft:fall_one_cm":10257},"minecraft:used":{"minecraft:cooked_mutton":2,"minecraft:stone_sword":36,"minecraft:stone_pickaxe":31,"minecraft:wooden_pickaxe":44,"minecraft:shield":54,"minecraft:rotten_flesh":3,"minecraft:torch":10,"minecraft:dirt":4,"minecraft:crafting_table":1,"minecraft:granite":4,"minecraft:iron_axe":18,"minecraft:brown_wool":1,"minecraft:iron_pickaxe":37,"minecraft:stone_axe":8,"minecraft:cobblestone":1,"minecraft:beef":1,"minecraft:andesite":1,"minecraft:cooked_beef":3},"minecraft:dropped":{"minecraft:wheat_seeds":2,"minecraft:stone_sword":1,"minecraft:rotten_flesh":3,"minecraft:string":1},"minecraft:picked_up":{"minecraft:crafting_table":1,"minecraft:cooked_beef":1,"minecraft:andesite":1,"minecraft:brown_wool":1,"minecraft:wooden_pickaxe":2,"minecraft:oak_log":5,"minecraft:shield":2,"minecraft:lapis_lazuli":18,"minecraft:string":7,"minecraft:dirt":22,"minecraft:iron_axe":2,"minecraft:bone":1,"minecraft:wheat_seeds":2,"minecraft:cobbled_deepslate":13,"minecraft:beef":1,"minecraft:iron_ingot":11,"minecraft:stone_pickaxe":2,"minecraft:iron_pickaxe":2,"minecraft:oak_planks":1,"minecraft:raw_iron":33,"minecraft:torch":6,"minecraft:stone_sword":3,"minecraft:arrow":10,"minecraft:rotten_flesh":31,"minecraft:diamond":2,"minecraft:stone_axe":2,"minecraft:granite":16,"minecraft:mutton":3,"minecraft:coal":12,"minecraft:cobblestone":144,"minecraft:ender_pearl":1},"minecraft:crafted":{"minecraft:cooked_beef":2,"minecraft:oak_planks":20,"minecraft:wooden_pickaxe":1,"minecraft:stone_axe":1,"minecraft:cooked_mutton":2,"minecraft:air":0,"minecraft:iron_boots":1,"minecraft:iron_chestplate":1,"minecraft:shield":1,"minecraft:iron_axe":1,"minecraft:stick":20,"minecraft:iron_ingot":25,"minecraft:iron_pickaxe":1,"minecraft:stone_pickaxe":1,"minecraft:stone_sword":1,"minecraft:iron_leggings":1,"minecraft:torch":32},"minecraft:killed_by":{"minecraft:zombie":1,"minecraft:enderman":1},"minecraft:killed":{"minecraft:spider":1,"minecraft:sheep":1,"minecraft:skeleton":2,"minecraft:zombie":8,"minecraft:enderman":1,"minecraft:cow":1}},"DataVersion":3953}