{"stats":{"minecraft:mined":{"minecraft:white_bed":1,"minecraft:deepslate_diamond_ore":1,"minecraft:sculk_vein":1,"minecraft:granite":10,"minecraft:spruce_leaves":1,"minecraft:polished_blackstone_bricks":1,"minecraft:hay_block":8,"minecraft:iron_ore":13,"minecraft:cobbled_deepslate":4,"minecraft:andesite":4,"minecraft:deepslate_iron_ore":8,"minecraft:stone":69,"minecraft:glass_pane":1,"minecraft:powder_snow":3,"minecraft:crafting_table":1,"minecraft:torch":5,"minecraft:short_grass":107,"minecraft:tall_grass":16,"minecraft:cobblestone":29,"minecraft:lapis_ore":1,"minecraft:oak_planks":1,"minecraft:sculk":13,"minecraft:wall_torch":17,"minecraft:birch_log":34,"minecraft:birch_leaves":2,"minecraft:warped_fungus":1,"minecraft:oak_log":50,"minecraft:coal_ore":8,"minecraft:gravel":1,"minecraft:dirt":16,"minecraft:oak_leaves":10,"minecraft:deepslate":4},"minecraft:custom":{"minecraft:mob_kills":69,"minecraft:interact_with_crafting_table":33,"minecraft:leave_game":8,"minecraft:time_since_death":4820,"minecraft:sprint_one_cm":462505,"minecraft:walk_one_cm":356947,"minecraft:damage_blocked_by_shield":4083,"minecraft:drop":33,"minecraft:talked_to_villager":10,"minecraft:play_time":152192,"minecraft:deaths":14,"minecraft:sneak_time":2416,"minecraft:walk_under_water_one_cm":480,"minecraft:jump":2632,"minecraft:walk_on_water_one_cm":3153,"minecraft:total_world_time":152192,"minecraft:interact_with_furnace":42,"minecraft:traded_with_villager":4,"minecraft:sleep_in_bed":4,"minecraft:time_since_rest":4853,"minecraft:damage_taken":4511,"minecraft:damage_dealt":11483,"minecraft:swim_one_cm":5467,"minecraft:fly_one_cm":367967,"minecraft:player_kills":1,"minecraft:open_chest":62,"minecraft:crouch_one_cm":9158,"minecraft:fall_one_cm":61940},"minecraft:used":{"minecraft:stone_sword":47,"minecraft:shield":147,"minecraft:iron_sword":78,"minecraft:rotten_flesh":13,"minecraft:iron_chestplate":1,"minecraft:torch":28,"minecraft:dirt":29,"minecraft:mutton":6,"minecraft:granite":5,"minecraft:lava_bucket":1,"minecraft:iron_axe":123,"minecraft:iron_helmet":2,"minecraft:iron_boots":1,"minecraft:bow":2,"minecraft:beef":13,"minecraft:egg":1,"minecraft:cooked_beef":3,"minecraft:cobbled_deepslate":43,"minecraft:iron_leggings":2,"minecraft:dark_oak_sapling":1,"minecraft:cooked_mutton":2,"minecraft:stone_pickaxe":102,"minecraft:oak_planks":8,"minecraft:wooden_pickaxe":53,"minecraft:crafting_table":1,"minecraft:white_bed":2,"minecraft:bread":9,"minecraft:brown_wool":1,"minecraft:iron_pickaxe":71,"minecraft:gravel":1,"minecraft:stone_axe":95,"minecraft:cobblestone":69,"minecraft:porkchop":8,"minecraft:andesite":1,"minecraft:bucket":1},"minecraft:dropped":{"minecraft:iron_ingot":1,"minecraft:wheat_seeds":3,"minecraft:oak_log":3,"minecraft:iron_helmet":1,"minecraft:cobblestone":45,"minecraft:lava_bucket":1,"minecraft:dirt":14,"minecraft:torch":9,"minecraft:iron_leggings":1,"minecraft:iron_axe":2,"minecraft:iron_pickaxe":1,"minecraft:string":1,"minecraft:spruce_sapling":1,"minecraft:bone":1,"minecraft:stone_axe":1,"minecraft:stone_sword":2,"minecraft:cobbled_deepslate":7,"minecraft:rotten_flesh":3,"minecraft:oak_planks":6,"minecraft:iron_boots":1,"minecraft:shield":1,"minecraft:iron_chestplate":1,"minecraft:stone_pickaxe":1},"minecraft:picked_up":{"minecraft:crafting_table":1,"minecraft:iron_chestplate":3,"minecraft:chicken":1,"minecraft:lead":4,"minecraft:wooden_pickaxe":3,"minecraft:shield":7,"minecraft:string":11,"minecraft:iron_axe":8,"minecraft:iron_leggings":4,"minecraft:cobbled_deepslate":127,"minecraft:bucket":6,"minecraft:beef":15,"minecraft:poppy":11,"minecraft:iron_pickaxe":5,"minecraft:light_gray_wool":1,"minecraft:iron_boots":4,"minecraft:egg":1,"minecraft:dark_oak_sapling":1,"minecraft:stick":16,"minecraft:raw_iron":46,"minecraft:torch":26,"minecraft:porkchop":25,"minecraft:polished_blackstone_bricks":1,"minecraft:stone_sword":5,"minecraft:arrow":21,"minecraft:rotten_flesh":49,"minecraft:hay_block":8,"minecraft:mutton":15,"minecraft:cobblestone":192,"minecraft:white_wool":12,"minecraft:birch_log":68,"minecraft:feather":1,"minecraft:cooked_beef":1,"minecraft:water_bucket":1,"minecraft:andesite":13,"minecraft:brown_wool":1,"minecraft:leather":16,"minecraft:oak_log":46,"minecraft:golden_boots":1,"minecraft:lapis_lazuli":18,"minecraft:dirt":65,"minecraft:bone":14,"minecraft:bow":1,"minecraft:wheat_seeds":8,"minecraft:stone_pickaxe":6,"minecraft:iron_ingot":27,"minecraft:iron_sword":3,"minecraft:oak_planks":10,"minecraft:warped_fungus":1,"minecraft:gravel":1,"minecraft:spruce_sapling":1,"minecraft:white_bed":1,"minecraft:dark_oak_log":1,"minecraft:spectral_arrow":12,"minecraft:diamond":2,"minecraft:stone_axe":6,"minecraft:iron_helmet":3,"minecraft:granite":17,"minecraft:oak_sapling":1,"minecraft:coal":12,"minecraft:ender_pearl":1},"minecraft:crafted":{"minecraft:oak_planks":88,"minecraft:cooked_mutton":2,"minecraft:iron_boots":1,"minecraft:iron_axe":2,"minecraft:stone_pickaxe":2,"minecraft:dark_oak_planks":4,"minecraft:wheat":9,"minecraft:cooked_beef":2,"minecraft:emerald":2,"minecraft:wooden_pickaxe":2,"minecraft:iron_helmet":1,"minecraft:iron_sword":1,"minecraft:bucket":1,"minecraft:stone_axe":4,"minecraft:bread":15,"minecraft:air":0,"minecraft:iron_chestplate":1,"minecraft:shield":2,"minecraft:stick":92,"minecraft:iron_ingot":29,"minecraft:iron_pickaxe":2,"minecraft:stone_sword":1,"minecraft:iron_leggings":1,"minecraft:white_bed":1,"minecraft:torch":40},"minecraft:killed":{"minecraft:spider":3,"minecraft:skeleton":4,"minecraft:chicken":1,"minecraft:silverfish":1,"minecraft:pig":6,"minecraft:zombie_villager":1,"minecraft:iron_golem":3,"minecraft:sheep":9,"minecraft:trader_llama":2,"minecraft:zombie":24,"minecraft:villager":1,"minecraft:cow":7,"minecraft:enderman":2},"minecraft:killed_by":{"minecraft:zombie_villager":2,"minecraft:player":1,"minecraft:piglin_brute":1,"minecraft:creeper":1,"minecraft:spider":1,"minecraft:enderman":1,"minecraft:iron_golem":1,"minecraft:skeleton":2,"minecraft:zombie":2}},"DataVersion":3953}