{"stats":{"minecraft:mined":{"minecraft:white_bed":1,"minecraft:deepslate_diamond_ore":1,"minecraft:sculk_vein":1,"minecraft:granite":10,"minecraft:spruce_leaves":1,"minecraft:iron_ore":13,"minecraft:cobbled_deepslate":4,"minecraft:andesite":4,"minecraft:deepslate_iron_ore":8,"minecraft:stone":69,"minecraft:powder_snow":3,"minecraft:crafting_table":1,"minecraft:torch":5,"minecraft:short_grass":105,"minecraft:tall_grass":12,"minecraft:cobblestone":21,"minecraft:lapis_ore":1,"minecraft:oak_planks":1,"minecraft:sculk":13,"minecraft:wall_torch":17,"minecraft:birch_log":34,"minecraft:birch_leaves":2,"minecraft:oak_log":12,"minecraft:coal_ore":8,"minecraft:gravel":1,"minecraft:dirt":16,"minecraft:oak_leaves":9,"minecraft:deepslate":4},"minecraft:custom":{"minecraft:mob_kills":68,"minecraft:interact_with_crafting_table":24,"minecraft:leave_game":7,"minecraft:time_since_death":22270,"minecraft:sprint_one_cm":399303,"minecraft:walk_one_cm":306702,"minecraft:damage_blocked_by_shield":3783,"minecraft:drop":32,"minecraft:talked_to_villager":4,"minecraft:play_time":128648,"minecraft:deaths":11,"minecraft:sneak_time":1620,"minecraft:walk_under_water_one_cm":480,"minecraft:jump":2385,"minecraft:walk_on_water_one_cm":3153,"minecraft:total_world_time":128648,"minecraft:interact_with_furnace":42,"minecraft:sleep_in_bed":4,"minecraft:time_since_rest":22556,"minecraft:damage_taken":3732,"minecraft:damage_dealt":10521,"minecraft:swim_one_cm":5467,"minecraft:fly_one_cm":330685,"minecraft:open_chest":46,"minecraft:crouch_one_cm":5504,"minecraft:fall_one_cm":54537},"minecraft:used":{"minecraft:stone_sword":47,"minecraft:shield":141,"minecraft:iron_sword":62,"minecraft:rotten_flesh":13,"minecraft:iron_chestplate":1,"minecraft:torch":28,"minecraft:dirt":29,"minecraft:mutton":6,"minecraft:granite":5,"minecraft:iron_axe":121,"minecraft:iron_helmet":2,"minecraft:iron_boots":1,"minecraft:beef":13,"minecraft:egg":1,"minecraft:cooked_beef":3,"minecraft:cobbled_deepslate":43,"minecraft:iron_leggings":2,"minecraft:dark_oak_sapling":1,"minecraft:cooked_mutton":2,"minecraft:stone_pickaxe":100,"minecraft:oak_planks":8,"minecraft:wooden_pickaxe":45,"minecraft:crafting_table":1,"minecraft:white_bed":2,"minecraft:brown_wool":1,"minecraft:iron_pickaxe":70,"minecraft:gravel":1,"minecraft:stone_axe":56,"minecraft:cobblestone":69,"minecraft:porkchop":7,"minecraft:andesite":1},"minecraft:dropped":{"minecraft:iron_ingot":1,"minecraft:wheat_seeds":3,"minecraft:oak_log":3,"minecraft:iron_helmet":1,"minecraft:cobblestone":45,"minecraft:dirt":14,"minecraft:torch":9,"minecraft:iron_leggings":1,"minecraft:iron_axe":2,"minecraft:iron_pickaxe":1,"minecraft:string":1,"minecraft:spruce_sapling":1,"minecraft:bone":1,"minecraft:stone_axe":1,"minecraft:stone_sword":2,"minecraft:cobbled_deepslate":7,"minecraft:rotten_flesh":3,"minecraft:oak_planks":6,"minecraft:iron_boots":1,"minecraft:shield":1,"minecraft:iron_chestplate":1,"minecraft:stone_pickaxe":1},"minecraft:picked_up":{"minecraft:crafting_table":1,"minecraft:iron_chestplate":3,"minecraft:chicken":1,"minecraft:lead":4,"minecraft:wooden_pickaxe":3,"minecraft:shield":6,"minecraft:string":11,"minecraft:iron_axe":7,"minecraft:iron_leggings":4,"minecraft:cobbled_deepslate":127,"minecraft:bucket":6,"minecraft:beef":15,"minecraft:poppy":3,"minecraft:iron_pickaxe":4,"minecraft:light_gray_wool":1,"minecraft:iron_boots":4,"minecraft:egg":1,"minecraft:dark_oak_sapling":1,"minecraft:stick":2,"minecraft:raw_iron":46,"minecraft:torch":26,"minecraft:porkchop":21,"minecraft:stone_sword":5,"minecraft:arrow":21,"minecraft:rotten_flesh":49,"minecraft:mutton":15,"minecraft:white_wool":12,"minecraft:cobblestone":184,"minecraft:birch_log":68,"minecraft:feather":1,"minecraft:cooked_beef":1,"minecraft:andesite":13,"minecraft:brown_wool":1,"minecraft:leather":14,"minecraft:oak_log":11,"minecraft:lapis_lazuli":18,"minecraft:dirt":64,"minecraft:bone":14,"minecraft:wheat_seeds":6,"minecraft:stone_pickaxe":6,"minecraft:iron_ingot":20,"minecraft:iron_sword":2,"minecraft:oak_planks":10,"minecraft:gravel":1,"minecraft:spruce_sapling":1,"minecraft:white_bed":1,"minecraft:diamond":2,"minecraft:stone_axe":6,"minecraft:iron_helmet":3,"minecraft:granite":17,"minecraft:oak_sapling":1,"minecraft:coal":12,"minecraft:ender_pearl":1},"minecraft:crafted":{"minecraft:oak_planks":64,"minecraft:cooked_mutton":2,"minecraft:iron_boots":1,"minecraft:iron_axe":1,"minecraft:stone_pickaxe":1,"minecraft:cooked_beef":2,"minecraft:wooden_pickaxe":1,"minecraft:iron_helmet":1,"minecraft:iron_sword":1,"minecraft:bucket":1,"minecraft:stone_axe":2,"minecraft:air":0,"minecraft:iron_chestplate":1,"minecraft:shield":1,"minecraft:stick":76,"minecraft:iron_ingot":29,"minecraft:iron_pickaxe":1,"minecraft:stone_sword":1,"minecraft:iron_leggings":1,"minecraft:white_bed":1,"minecraft:torch":40},"minecraft:killed":{"minecraft:spider":3,"minecraft:skeleton":4,"minecraft:chicken":1,"minecraft:silverfish":1,"minecraft:pig":6,"minecraft:zombie_villager":1,"minecraft:iron_golem":2,"minecraft:sheep":9,"minecraft:trader_llama":2,"minecraft:zombie":24,"minecraft:villager":1,"minecraft:cow":7,"minecraft:enderman":2},"minecraft:killed_by":{"minecraft:zombie_villager":2,"minecraft:player":1,"minecraft:creeper":1,"minecraft:spider":1,"minecraft:enderman":1,"minecraft:skeleton":2,"minecraft:zombie":2}},"DataVersion":3953}