{"stats":{"minecraft:mined":{"minecraft:diamond_ore":5,"minecraft:tuff":112,"minecraft:white_bed":7,"minecraft:mossy_cobblestone":43,"minecraft:deepslate_diamond_ore":21,"minecraft:sculk_vein":49,"minecraft:brewing_stand":1,"minecraft:glow_lichen":1,"minecraft:granite":85,"minecraft:grass_block":891,"minecraft:birch_slab":5,"minecraft:composter":2,"minecraft:hopper":13,"minecraft:hay_block":10,"minecraft:redstone_ore":4,"minecraft:oak_trapdoor":8,"minecraft:furnace":9,"minecraft:iron_ore":36,"minecraft:cobbled_deepslate":33,"minecraft:fire":21,"minecraft:andesite":63,"minecraft:deepslate_lapis_ore":8,"minecraft:sculk_shrieker":2,"minecraft:dirt_path":64,"minecraft:pointed_dripstone":1,"minecraft:deepslate_iron_ore":36,"minecraft:cobblestone_slab":2,"minecraft:water_cauldron":4,"minecraft:stone":375,"minecraft:smithing_table":1,"minecraft:deepslate_redstone_ore":3,"minecraft:dandelion":2,"minecraft:crafting_table":9,"minecraft:cornflower":1,"minecraft:torch":26,"minecraft:short_grass":346,"minecraft:chest":3,"minecraft:copper_ore":1,"minecraft:tall_grass":15,"minecraft:cobblestone":135,"minecraft:lapis_ore":3,"minecraft:grindstone":1,"minecraft:oak_planks":47,"minecraft:sculk":897,"minecraft:diorite":20,"minecraft:wall_torch":34,"minecraft:birch_planks":22,"minecraft:birch_log":52,"minecraft:birch_leaves":2,"minecraft:yellow_bed":3,"minecraft:oak_log":194,"minecraft:coal_ore":37,"minecraft:gravel":15,"minecraft:dripstone_block":1,"minecraft:dirt":201,"minecraft:smooth_basalt":12,"minecraft:oak_leaves":49,"minecraft:deepslate":539},"minecraft:broken":{"minecraft:iron_leggings":1,"minecraft:diamond_shovel":1,"minecraft:stone_axe":1,"minecraft:iron_pickaxe":1},"minecraft:custom":{"minecraft:interact_with_smithing_table":1,"minecraft:mob_kills":183,"minecraft:inspect_hopper":27,"minecraft:interact_with_crafting_table":62,"minecraft:leave_game":7,"minecraft:time_since_death":244379,"minecraft:sprint_one_cm":460774,"minecraft:walk_one_cm":1249805,"minecraft:damage_blocked_by_shield":2489,"minecraft:drop":46,"minecraft:talked_to_villager":12,"minecraft:play_time":334596,"minecraft:sneak_time":6554,"minecraft:deaths":2,"minecraft:walk_under_water_one_cm":42160,"minecraft:boat_one_cm":30858,"minecraft:jump":5272,"minecraft:walk_on_water_one_cm":43477,"minecraft:total_world_time":334596,"minecraft:interact_with_furnace":90,"minecraft:sleep_in_bed":19,"minecraft:time_since_rest":2689,"minecraft:damage_taken":4277,"minecraft:damage_dealt":29672,"minecraft:player_kills":2,"minecraft:swim_one_cm":3138,"minecraft:fly_one_cm":591388,"minecraft:open_chest":55,"minecraft:crouch_one_cm":14203,"minecraft:fall_one_cm":125991},"minecraft:used":{"minecraft:diamond_hoe":930,"minecraft:chest":5,"minecraft:shield":124,"minecraft:iron_sword":23,"minecraft:rotten_flesh":45,"minecraft:torch":132,"minecraft:dirt":384,"minecraft:hopper":16,"minecraft:granite":2,"minecraft:obsidian":10,"minecraft:lava_bucket":27,"minecraft:crimson_roots":1,"minecraft:furnace":12,"minecraft:cooked_beef":3,"minecraft:cobbled_deepslate":127,"minecraft:cooked_mutton":9,"minecraft:water_bucket":81,"minecraft:birch_planks":262,"minecraft:stone_pickaxe":90,"minecraft:oak_planks":618,"minecraft:wooden_pickaxe":19,"minecraft:birch_boat":1,"minecraft:cobblestone_slab":3,"minecraft:diamond_axe":286,"minecraft:fletching_table":1,"minecraft:white_wool":1,"minecraft:oak_slab":10,"minecraft:crafting_table":32,"minecraft:birch_sign":3,"minecraft:white_bed":9,"minecraft:diamond_pickaxe":1293,"minecraft:diamond_shovel":1790,"minecraft:birch_slab":9,"minecraft:bread":25,"minecraft:iron_pickaxe":256,"minecraft:gravel":4,"minecraft:stone_axe":124,"minecraft:diamond_sword":558,"minecraft:cobblestone":141,"minecraft:cooked_porkchop":14,"minecraft:bucket":110,"minecraft:yellow_bed":3,"minecraft:dandelion":1},"minecraft:dropped":{"minecraft:birch_planks":1,"minecraft:cooked_beef":1,"minecraft:glow_ink_sac":3,"minecraft:granite":6,"minecraft:coal":8,"minecraft:dirt":352,"minecraft:iron_pickaxe":1,"minecraft:stone_axe":1,"minecraft:cobbled_deepslate":64,"minecraft:raw_iron":16,"minecraft:rotten_flesh":10,"minecraft:cooked_mutton":1,"minecraft:oak_sapling":2},"minecraft:picked_up":{"minecraft:wooden_axe":1,"minecraft:crafting_table":11,"minecraft:wheat":6,"minecraft:smithing_table":1,"minecraft:diamond_sword":1,"minecraft:wooden_pickaxe":2,"minecraft:brewing_stand":1,"minecraft:shield":2,"minecraft:cornflower":1,"minecraft:string":35,"minecraft:oak_trapdoor":8,"minecraft:raw_copper":47,"minecraft:iron_axe":2,"minecraft:iron_leggings":1,"minecraft:cobbled_deepslate":647,"minecraft:bucket":2,"minecraft:beef":7,"minecraft:cobblestone_slab":9,"minecraft:poppy":1,"minecraft:iron_pickaxe":3,"minecraft:chest":3,"minecraft:iron_boots":3,"minecraft:furnace":10,"minecraft:stick":17,"minecraft:raw_iron":94,"minecraft:composter":2,"minecraft:torch":76,"minecraft:porkchop":14,"minecraft:pointed_dripstone":2,"minecraft:diorite":9,"minecraft:redstone":75,"minecraft:cauldron":4,"minecraft:rotten_flesh":101,"minecraft:stone_sword":1,"minecraft:arrow":27,"minecraft:diamond_chestplate":1,"minecraft:hay_block":10,"minecraft:saddle":4,"minecraft:mutton":11,"minecraft:white_wool":7,"minecraft:cobblestone":543,"minecraft:oxeye_daisy":1,"minecraft:birch_log":66,"minecraft:feather":1,"minecraft:glow_ink_sac":3,"minecraft:birch_slab":6,"minecraft:andesite":95,"minecraft:leather":11,"minecraft:birch_planks":107,"minecraft:flint":5,"minecraft:tuff":112,"minecraft:oak_log":202,"minecraft:yellow_bed":3,"minecraft:gunpowder":12,"minecraft:lapis_lazuli":117,"minecraft:dirt":1178,"minecraft:cooked_mutton":6,"minecraft:bone":25,"minecraft:bow":3,"minecraft:wheat_seeds":47,"minecraft:grindstone":1,"minecraft:iron_ingot":8,"minecraft:stone_pickaxe":2,"minecraft:iron_sword":1,"minecraft:oak_planks":73,"minecraft:cooked_porkchop":12,"minecraft:birch_boat":1,"minecraft:dandelion":4,"minecraft:gravel":22,"minecraft:white_bed":8,"minecraft:spider_eye":1,"minecraft:mossy_cobblestone":43,"minecraft:pumpkin_seeds":8,"minecraft:diamond":38,"minecraft:stone_axe":6,"minecraft:iron_helmet":2,"minecraft:granite":139,"minecraft:oak_sapling":6,"minecraft:hopper":15,"minecraft:coal":108,"minecraft:crimson_roots":1,"minecraft:ender_pearl":1,"minecraft:diamond_pickaxe":1},"minecraft:crafted":{"minecraft:oak_planks":756,"minecraft:cobblestone_slab":6,"minecraft:diamond_hoe":1,"minecraft:birch_boat":1,"minecraft:birch_slab":12,"minecraft:furnace":2,"minecraft:diamond_shovel":1,"minecraft:cooked_mutton":7,"minecraft:hopper":3,"minecraft:diamond_helmet":1,"minecraft:iron_boots":1,"minecraft:stone_pickaxe":1,"minecraft:chest":5,"minecraft:diamond_boots":1,"minecraft:birch_sign":3,"minecraft:wheat":90,"minecraft:cooked_beef":4,"minecraft:oak_slab":12,"minecraft:diamond_sword":1,"minecraft:cooked_porkchop":14,"minecraft:diamond_axe":1,"minecraft:crafting_table":21,"minecraft:iron_helmet":1,"minecraft:wooden_pickaxe":1,"minecraft:iron_sword":1,"minecraft:fletching_table":1,"minecraft:birch_planks":312,"minecraft:stone_axe":1,"minecraft:bread":32,"minecraft:air":0,"minecraft:iron_chestplate":1,"minecraft:diamond_pickaxe":2,"minecraft:shield":1,"minecraft:stick":116,"minecraft:iron_ingot":61,"minecraft:iron_pickaxe":1,"minecraft:iron_leggings":1,"minecraft:white_bed":1,"minecraft:torch":60,"minecraft:diamond_chestplate":1},"minecraft:killed_by":{"minecraft:enderman":1,"minecraft:zombie":1},"minecraft:killed":{"minecraft:spider":8,"minecraft:skeleton":26,"minecraft:pig":6,"minecraft:bat":1,"minecraft:wandering_trader":1,"minecraft:creeper":2,"minecraft:sheep":7,"minecraft:zombie":126,"minecraft:cow":5}},"DataVersion":3953}