{"stats":{"minecraft:mined":{"minecraft:white_bed":1,"minecraft:crafting_table":3,"minecraft:torch":4,"minecraft:granite":23,"minecraft:short_grass":1,"minecraft:grass_block":4,"minecraft:lapis_ore":3,"minecraft:wall_torch":3,"minecraft:redstone_ore":4,"minecraft:furnace":3,"minecraft:birch_log":6,"minecraft:iron_ore":29,"minecraft:andesite":7,"minecraft:deepslate_lapis_ore":5,"minecraft:coal_ore":14,"minecraft:oak_log":15,"minecraft:deepslate_iron_ore":10,"minecraft:dirt":3,"minecraft:stone":104,"minecraft:oak_leaves":4,"minecraft:deepslate":5},"minecraft:custom":{"minecraft:interact_with_furnace":41,"minecraft:mob_kills":11,"minecraft:interact_with_crafting_table":17,"minecraft:time_since_death":23366,"minecraft:sleep_in_bed":4,"minecraft:time_since_rest":4769,"minecraft:sprint_one_cm":16046,"minecraft:damage_taken":240,"minecraft:walk_one_cm":83982,"minecraft:damage_blocked_by_shield":125,"minecraft:drop":11,"minecraft:damage_dealt":1543,"minecraft:fly_one_cm":14809,"minecraft:crouch_one_cm":553,"minecraft:play_time":23366,"minecraft:sneak_time":272,"minecraft:walk_under_water_one_cm":67,"minecraft:jump":155,"minecraft:walk_on_water_one_cm":366,"minecraft:total_world_time":23366,"minecraft:fall_one_cm":5059},"minecraft:used":{"minecraft:stone_pickaxe":90,"minecraft:oak_planks":1,"minecraft:wooden_pickaxe":19,"minecraft:shield":4,"minecraft:iron_sword":11,"minecraft:torch":8,"minecraft:dirt":2,"minecraft:crafting_table":4,"minecraft:white_bed":2,"minecraft:iron_pickaxe":107,"minecraft:stone_axe":29,"minecraft:cobblestone":2,"minecraft:furnace":5,"minecraft:cooked_beef":2},"minecraft:dropped":{"minecraft:cooked_beef":1,"minecraft:raw_iron":9,"minecraft:coal":4},"minecraft:picked_up":{"minecraft:birch_log":6,"minecraft:crafting_table":3,"minecraft:andesite":7,"minecraft:leather":3,"minecraft:oak_log":15,"minecraft:lapis_lazuli":48,"minecraft:dirt":7,"minecraft:cobbled_deepslate":5,"minecraft:beef":6,"minecraft:furnace":3,"minecraft:raw_iron":57,"minecraft:torch":9,"minecraft:white_bed":1,"minecraft:redstone":12,"minecraft:rotten_flesh":2,"minecraft:granite":24,"minecraft:mutton":4,"minecraft:coal":25,"minecraft:white_wool":3,"minecraft:cobblestone":108},"minecraft:crafted":{"minecraft:cooked_beef":4,"minecraft:oak_planks":40,"minecraft:crafting_table":1,"minecraft:wooden_pickaxe":1,"minecraft:iron_sword":1,"minecraft:furnace":2,"minecraft:stone_axe":1,"minecraft:cooked_mutton":3,"minecraft:air":0,"minecraft:iron_boots":1,"minecraft:shield":1,"minecraft:stick":12,"minecraft:iron_ingot":11,"minecraft:iron_pickaxe":1,"minecraft:stone_pickaxe":1,"minecraft:white_bed":1,"minecraft:torch":4},"minecraft:killed":{"minecraft:sheep":3,"minecraft:skeleton":1,"minecraft:zombie":4,"minecraft:cow":3}},"DataVersion":3953}