{"stats":{"minecraft:mined":{"minecraft:diamond_ore":5,"minecraft:tuff":112,"minecraft:white_bed":1,"minecraft:mossy_cobblestone":43,"minecraft:deepslate_diamond_ore":21,"minecraft:sculk_vein":10,"minecraft:glow_lichen":1,"minecraft:granite":30,"minecraft:grass_block":5,"minecraft:birch_slab":5,"minecraft:redstone_ore":4,"minecraft:furnace":4,"minecraft:iron_ore":32,"minecraft:cobbled_deepslate":26,"minecraft:andesite":13,"minecraft:deepslate_lapis_ore":8,"minecraft:sculk_shrieker":2,"minecraft:deepslate_iron_ore":36,"minecraft:cobblestone_slab":2,"minecraft:stone":168,"minecraft:deepslate_redstone_ore":3,"minecraft:crafting_table":4,"minecraft:torch":18,"minecraft:short_grass":1,"minecraft:chest":2,"minecraft:cobblestone":129,"minecraft:lapis_ore":3,"minecraft:sculk":110,"minecraft:wall_torch":14,"minecraft:birch_planks":5,"minecraft:birch_log":6,"minecraft:oak_log":15,"minecraft:coal_ore":37,"minecraft:gravel":8,"minecraft:dirt":8,"minecraft:oak_leaves":10,"minecraft:deepslate":498},"minecraft:broken":{"minecraft:iron_pickaxe":1},"minecraft:custom":{"minecraft:mob_kills":82,"minecraft:inspect_hopper":4,"minecraft:interact_with_crafting_table":41,"minecraft:leave_game":1,"minecraft:time_since_death":34848,"minecraft:sprint_one_cm":126193,"minecraft:walk_one_cm":438877,"minecraft:damage_blocked_by_shield":2464,"minecraft:drop":24,"minecraft:talked_to_villager":1,"minecraft:play_time":125065,"minecraft:deaths":2,"minecraft:sneak_time":4659,"minecraft:walk_under_water_one_cm":7557,"minecraft:jump":1920,"minecraft:walk_on_water_one_cm":17995,"minecraft:total_world_time":125065,"minecraft:interact_with_furnace":79,"minecraft:sleep_in_bed":5,"minecraft:time_since_rest":34877,"minecraft:damage_taken":2246,"minecraft:damage_dealt":14714,"minecraft:fly_one_cm":155480,"minecraft:player_kills":1,"minecraft:open_chest":22,"minecraft:crouch_one_cm":9184,"minecraft:fall_one_cm":44092},"minecraft:used":{"minecraft:diamond_hoe":107,"minecraft:chest":3,"minecraft:shield":123,"minecraft:iron_sword":23,"minecraft:rotten_flesh":10,"minecraft:torch":40,"minecraft:dirt":2,"minecraft:hopper":3,"minecraft:granite":2,"minecraft:furnace":6,"minecraft:cooked_beef":3,"minecraft:cobbled_deepslate":122,"minecraft:cooked_mutton":3,"minecraft:water_bucket":21,"minecraft:birch_planks":5,"minecraft:stone_pickaxe":90,"minecraft:oak_planks":1,"minecraft:wooden_pickaxe":19,"minecraft:cobblestone_slab":3,"minecraft:crafting_table":6,"minecraft:birch_sign":3,"minecraft:white_bed":2,"minecraft:diamond_pickaxe":839,"minecraft:birch_slab":9,"minecraft:bread":2,"minecraft:iron_pickaxe":256,"minecraft:stone_axe":44,"minecraft:diamond_sword":228,"minecraft:cobblestone":69,"minecraft:cooked_porkchop":10,"minecraft:bucket":23},"minecraft:dropped":{"minecraft:cooked_beef":1,"minecraft:coal":8,"minecraft:dirt":7,"minecraft:raw_iron":16,"minecraft:rotten_flesh":2},"minecraft:picked_up":{"minecraft:crafting_table":4,"minecraft:wheat":6,"minecraft:diamond_sword":1,"minecraft:wooden_pickaxe":1,"minecraft:shield":2,"minecraft:string":32,"minecraft:iron_axe":2,"minecraft:iron_leggings":1,"minecraft:cobbled_deepslate":541,"minecraft:bucket":2,"minecraft:beef":6,"minecraft:cobblestone_slab":9,"minecraft:iron_pickaxe":1,"minecraft:chest":2,"minecraft:iron_boots":2,"minecraft:furnace":4,"minecraft:stick":8,"minecraft:raw_iron":92,"minecraft:torch":42,"minecraft:porkchop":14,"minecraft:redstone":52,"minecraft:diamond_chestplate":1,"minecraft:arrow":14,"minecraft:rotten_flesh":52,"minecraft:saddle":4,"minecraft:mutton":4,"minecraft:white_wool":3,"minecraft:cobblestone":442,"minecraft:birch_log":20,"minecraft:birch_slab":1,"minecraft:andesite":42,"minecraft:leather":6,"minecraft:birch_planks":4,"minecraft:flint":3,"minecraft:tuff":112,"minecraft:oak_log":23,"minecraft:gunpowder":12,"minecraft:lapis_lazuli":117,"minecraft:dirt":29,"minecraft:cooked_mutton":3,"minecraft:bone":15,"minecraft:bow":3,"minecraft:wheat_seeds":2,"minecraft:stone_pickaxe":1,"minecraft:iron_ingot":4,"minecraft:oak_planks":27,"minecraft:iron_sword":1,"minecraft:cooked_porkchop":12,"minecraft:gravel":16,"minecraft:white_bed":1,"minecraft:spider_eye":1,"minecraft:mossy_cobblestone":43,"minecraft:pumpkin_seeds":8,"minecraft:diamond":33,"minecraft:stone_axe":4,"minecraft:iron_helmet":2,"minecraft:granite":66,"minecraft:coal":60,"minecraft:hopper":2,"minecraft:diamond_pickaxe":1,"minecraft:ender_pearl":1},"minecraft:crafted":{"minecraft:oak_planks":40,"minecraft:cobblestone_slab":6,"minecraft:diamond_hoe":1,"minecraft:birch_slab":12,"minecraft:furnace":2,"minecraft:cooked_mutton":3,"minecraft:hopper":3,"minecraft:diamond_helmet":1,"minecraft:iron_boots":1,"minecraft:stone_pickaxe":1,"minecraft:chest":4,"minecraft:diamond_boots":1,"minecraft:birch_sign":3,"minecraft:cooked_beef":4,"minecraft:diamond_sword":1,"minecraft:cooked_porkchop":14,"minecraft:crafting_table":2,"minecraft:wooden_pickaxe":1,"minecraft:iron_helmet":1,"minecraft:iron_sword":1,"minecraft:birch_planks":128,"minecraft:stone_axe":1,"minecraft:bread":2,"minecraft:air":0,"minecraft:iron_chestplate":1,"minecraft:diamond_pickaxe":1,"minecraft:shield":1,"minecraft:stick":16,"minecraft:iron_pickaxe":1,"minecraft:iron_ingot":59,"minecraft:iron_leggings":1,"minecraft:white_bed":1,"minecraft:torch":4,"minecraft:diamond_chestplate":1},"minecraft:killed_by":{"minecraft:enderman":1,"minecraft:zombie":1},"minecraft:killed":{"minecraft:spider":4,"minecraft:skeleton":16,"minecraft:pig":6,"minecraft:wandering_trader":1,"minecraft:creeper":1,"minecraft:sheep":3,"minecraft:zombie":47,"minecraft:cow":3}},"DataVersion":3953}