{"stats":{"minecraft:mined":{"minecraft:deepslate_redstone_ore":3,"minecraft:diamond_ore":5,"minecraft:tuff":97,"minecraft:white_bed":1,"minecraft:mossy_cobblestone":43,"minecraft:deepslate_diamond_ore":15,"minecraft:sculk_vein":5,"minecraft:glow_lichen":1,"minecraft:crafting_table":4,"minecraft:torch":12,"minecraft:granite":23,"minecraft:short_grass":1,"minecraft:grass_block":5,"minecraft:chest":2,"minecraft:cobblestone":129,"minecraft:lapis_ore":3,"minecraft:sculk":4,"minecraft:wall_torch":8,"minecraft:redstone_ore":4,"minecraft:furnace":4,"minecraft:birch_log":6,"minecraft:iron_ore":32,"minecraft:cobbled_deepslate":5,"minecraft:andesite":8,"minecraft:deepslate_lapis_ore":8,"minecraft:cobblestone_slab":2,"minecraft:sculk_shrieker":1,"minecraft:coal_ore":37,"minecraft:oak_log":15,"minecraft:deepslate_iron_ore":36,"minecraft:gravel":5,"minecraft:dirt":7,"minecraft:stone":132,"minecraft:oak_leaves":10,"minecraft:deepslate":421},"minecraft:broken":{"minecraft:iron_pickaxe":1},"minecraft:custom":{"minecraft:interact_with_furnace":55,"minecraft:mob_kills":45,"minecraft:interact_with_crafting_table":29,"minecraft:time_since_death":56076,"minecraft:sleep_in_bed":4,"minecraft:time_since_rest":56104,"minecraft:sprint_one_cm":73109,"minecraft:damage_taken":1082,"minecraft:walk_one_cm":305568,"minecraft:damage_blocked_by_shield":2112,"minecraft:drop":24,"minecraft:damage_dealt":7548,"minecraft:talked_to_villager":1,"minecraft:player_kills":1,"minecraft:fly_one_cm":80594,"minecraft:open_chest":12,"minecraft:crouch_one_cm":7243,"minecraft:play_time":83366,"minecraft:deaths":1,"minecraft:sneak_time":3139,"minecraft:walk_under_water_one_cm":67,"minecraft:jump":989,"minecraft:walk_on_water_one_cm":366,"minecraft:total_world_time":83366,"minecraft:fall_one_cm":19745},"minecraft:used":{"minecraft:cooked_mutton":3,"minecraft:stone_pickaxe":90,"minecraft:oak_planks":1,"minecraft:chest":2,"minecraft:wooden_pickaxe":19,"minecraft:shield":113,"minecraft:iron_sword":23,"minecraft:cobblestone_slab":3,"minecraft:rotten_flesh":10,"minecraft:torch":31,"minecraft:dirt":2,"minecraft:crafting_table":6,"minecraft:white_bed":2,"minecraft:diamond_pickaxe":663,"minecraft:bread":2,"minecraft:iron_pickaxe":256,"minecraft:stone_axe":32,"minecraft:diamond_sword":99,"minecraft:cobblestone":50,"minecraft:furnace":6,"minecraft:cooked_beef":3,"minecraft:cobbled_deepslate":83},"minecraft:dropped":{"minecraft:cooked_beef":1,"minecraft:raw_iron":16,"minecraft:rotten_flesh":2,"minecraft:coal":8,"minecraft:dirt":7},"minecraft:picked_up":{"minecraft:birch_log":12,"minecraft:wheat":6,"minecraft:crafting_table":4,"minecraft:andesite":29,"minecraft:leather":6,"minecraft:wooden_pickaxe":1,"minecraft:flint":2,"minecraft:tuff":97,"minecraft:oak_log":23,"minecraft:shield":1,"minecraft:gunpowder":4,"minecraft:string":15,"minecraft:lapis_lazuli":117,"minecraft:dirt":24,"minecraft:cooked_mutton":3,"minecraft:bow":1,"minecraft:cobbled_deepslate":438,"minecraft:iron_ingot":1,"minecraft:beef":6,"minecraft:stone_pickaxe":1,"minecraft:cobblestone_slab":3,"minecraft:iron_pickaxe":1,"minecraft:chest":2,"minecraft:iron_sword":1,"minecraft:oak_planks":27,"minecraft:iron_boots":1,"minecraft:furnace":4,"minecraft:stick":4,"minecraft:raw_iron":92,"minecraft:torch":29,"minecraft:porkchop":14,"minecraft:gravel":6,"minecraft:white_bed":1,"minecraft:redstone":52,"minecraft:mossy_cobblestone":43,"minecraft:arrow":2,"minecraft:pumpkin_seeds":4,"minecraft:rotten_flesh":19,"minecraft:diamond":20,"minecraft:stone_axe":2,"minecraft:iron_helmet":1,"minecraft:granite":49,"minecraft:saddle":2,"minecraft:mutton":4,"minecraft:coal":48,"minecraft:white_wool":3,"minecraft:cobblestone":390},"minecraft:crafted":{"minecraft:cooked_beef":4,"minecraft:oak_planks":40,"minecraft:cobblestone_slab":6,"minecraft:diamond_sword":1,"minecraft:crafting_table":2,"minecraft:wooden_pickaxe":1,"minecraft:iron_helmet":1,"minecraft:iron_sword":1,"minecraft:furnace":2,"minecraft:stone_axe":1,"minecraft:bread":2,"minecraft:cooked_mutton":3,"minecraft:air":0,"minecraft:iron_chestplate":1,"minecraft:iron_boots":1,"minecraft:diamond_pickaxe":1,"minecraft:shield":1,"minecraft:stick":16,"minecraft:iron_ingot":35,"minecraft:iron_pickaxe":1,"minecraft:stone_pickaxe":1,"minecraft:chest":2,"minecraft:iron_leggings":1,"minecraft:white_bed":1,"minecraft:torch":4,"minecraft:diamond_chestplate":1},"minecraft:killed_by":{"minecraft:enderman":1},"minecraft:killed":{"minecraft:pig":6,"minecraft:spider":1,"minecraft:wandering_trader":1,"minecraft:sheep":3,"minecraft:skeleton":6,"minecraft:zombie":24,"minecraft:cow":3}},"DataVersion":3953}