{"stats":{"minecraft:mined":{"minecraft:diamond_ore":5,"minecraft:tuff":112,"minecraft:white_bed":3,"minecraft:mossy_cobblestone":43,"minecraft:deepslate_diamond_ore":21,"minecraft:sculk_vein":49,"minecraft:glow_lichen":1,"minecraft:granite":85,"minecraft:grass_block":6,"minecraft:birch_slab":5,"minecraft:hopper":13,"minecraft:redstone_ore":4,"minecraft:furnace":7,"minecraft:iron_ore":36,"minecraft:cobbled_deepslate":31,"minecraft:andesite":63,"minecraft:deepslate_lapis_ore":8,"minecraft:sculk_shrieker":2,"minecraft:pointed_dripstone":1,"minecraft:deepslate_iron_ore":36,"minecraft:cobblestone_slab":2,"minecraft:stone":374,"minecraft:deepslate_redstone_ore":3,"minecraft:crafting_table":5,"minecraft:torch":23,"minecraft:short_grass":3,"minecraft:chest":3,"minecraft:copper_ore":1,"minecraft:cobblestone":131,"minecraft:lapis_ore":3,"minecraft:sculk":897,"minecraft:diorite":20,"minecraft:wall_torch":22,"minecraft:birch_planks":11,"minecraft:birch_log":6,"minecraft:birch_leaves":1,"minecraft:oak_log":15,"minecraft:coal_ore":37,"minecraft:gravel":9,"minecraft:dripstone_block":1,"minecraft:dirt":15,"minecraft:smooth_basalt":12,"minecraft:oak_leaves":21,"minecraft:deepslate":539},"minecraft:broken":{"minecraft:iron_pickaxe":1},"minecraft:custom":{"minecraft:mob_kills":174,"minecraft:inspect_hopper":27,"minecraft:interact_with_crafting_table":47,"minecraft:leave_game":3,"minecraft:time_since_death":114230,"minecraft:sprint_one_cm":279285,"minecraft:walk_one_cm":696146,"minecraft:damage_blocked_by_shield":2464,"minecraft:drop":40,"minecraft:talked_to_villager":1,"minecraft:play_time":204447,"minecraft:deaths":2,"minecraft:sneak_time":5757,"minecraft:walk_under_water_one_cm":23699,"minecraft:jump":3374,"minecraft:walk_on_water_one_cm":34167,"minecraft:total_world_time":204447,"minecraft:interact_with_furnace":89,"minecraft:sleep_in_bed":9,"minecraft:time_since_rest":18292,"minecraft:damage_taken":3270,"minecraft:damage_dealt":27847,"minecraft:swim_one_cm":317,"minecraft:fly_one_cm":279768,"minecraft:player_kills":2,"minecraft:open_chest":44,"minecraft:crouch_one_cm":11254,"minecraft:fall_one_cm":71990},"minecraft:used":{"minecraft:diamond_hoe":930,"minecraft:chest":5,"minecraft:shield":123,"minecraft:iron_sword":23,"minecraft:rotten_flesh":29,"minecraft:torch":109,"minecraft:dirt":2,"minecraft:hopper":16,"minecraft:granite":2,"minecraft:furnace":7,"minecraft:cooked_beef":3,"minecraft:cobbled_deepslate":127,"minecraft:cooked_mutton":9,"minecraft:water_bucket":55,"minecraft:birch_planks":15,"minecraft:stone_pickaxe":90,"minecraft:oak_planks":1,"minecraft:wooden_pickaxe":19,"minecraft:cobblestone_slab":3,"minecraft:white_wool":1,"minecraft:crafting_table":8,"minecraft:birch_sign":3,"minecraft:white_bed":3,"minecraft:diamond_pickaxe":1268,"minecraft:birch_slab":9,"minecraft:bread":2,"minecraft:iron_pickaxe":256,"minecraft:stone_axe":60,"minecraft:diamond_sword":481,"minecraft:cobblestone":141,"minecraft:cooked_porkchop":14,"minecraft:bucket":57},"minecraft:dropped":{"minecraft:birch_planks":1,"minecraft:cooked_beef":1,"minecraft:glow_ink_sac":3,"minecraft:granite":6,"minecraft:coal":8,"minecraft:dirt":7,"minecraft:iron_pickaxe":1,"minecraft:stone_axe":1,"minecraft:cobbled_deepslate":64,"minecraft:raw_iron":16,"minecraft:rotten_flesh":10,"minecraft:cooked_mutton":1,"minecraft:oak_sapling":2},"minecraft:picked_up":{"minecraft:wooden_axe":1,"minecraft:crafting_table":6,"minecraft:wheat":6,"minecraft:diamond_sword":1,"minecraft:wooden_pickaxe":2,"minecraft:shield":2,"minecraft:string":34,"minecraft:raw_copper":23,"minecraft:iron_axe":2,"minecraft:iron_leggings":1,"minecraft:cobbled_deepslate":647,"minecraft:bucket":2,"minecraft:beef":7,"minecraft:cobblestone_slab":9,"minecraft:iron_pickaxe":3,"minecraft:chest":3,"minecraft:iron_boots":2,"minecraft:furnace":7,"minecraft:stick":10,"minecraft:raw_iron":94,"minecraft:torch":60,"minecraft:porkchop":14,"minecraft:pointed_dripstone":2,"minecraft:diorite":9,"minecraft:redstone":75,"minecraft:diamond_chestplate":1,"minecraft:arrow":27,"minecraft:stone_sword":1,"minecraft:rotten_flesh":69,"minecraft:saddle":4,"minecraft:mutton":11,"minecraft:white_wool":7,"minecraft:cobblestone":543,"minecraft:birch_log":20,"minecraft:feather":1,"minecraft:glow_ink_sac":3,"minecraft:birch_slab":6,"minecraft:andesite":95,"minecraft:leather":11,"minecraft:birch_planks":96,"minecraft:flint":3,"minecraft:tuff":112,"minecraft:oak_log":23,"minecraft:gunpowder":12,"minecraft:lapis_lazuli":117,"minecraft:dirt":71,"minecraft:cooked_mutton":6,"minecraft:bone":25,"minecraft:bow":3,"minecraft:wheat_seeds":3,"minecraft:stone_pickaxe":2,"minecraft:iron_ingot":8,"minecraft:iron_sword":1,"minecraft:oak_planks":27,"minecraft:cooked_porkchop":12,"minecraft:gravel":18,"minecraft:white_bed":4,"minecraft:spider_eye":1,"minecraft:mossy_cobblestone":43,"minecraft:pumpkin_seeds":8,"minecraft:diamond":38,"minecraft:stone_axe":6,"minecraft:iron_helmet":2,"minecraft:granite":139,"minecraft:oak_sapling":6,"minecraft:coal":104,"minecraft:hopper":15,"minecraft:diamond_pickaxe":1,"minecraft:ender_pearl":1},"minecraft:crafted":{"minecraft:oak_planks":40,"minecraft:cobblestone_slab":6,"minecraft:diamond_hoe":1,"minecraft:birch_slab":12,"minecraft:furnace":2,"minecraft:cooked_mutton":7,"minecraft:hopper":3,"minecraft:diamond_helmet":1,"minecraft:iron_boots":1,"minecraft:stone_pickaxe":1,"minecraft:chest":5,"minecraft:diamond_boots":1,"minecraft:birch_sign":3,"minecraft:cooked_beef":4,"minecraft:diamond_sword":1,"minecraft:cooked_porkchop":14,"minecraft:crafting_table":3,"minecraft:wooden_pickaxe":1,"minecraft:iron_helmet":1,"minecraft:iron_sword":1,"minecraft:birch_planks":128,"minecraft:stone_axe":1,"minecraft:bread":2,"minecraft:air":0,"minecraft:iron_chestplate":1,"minecraft:diamond_pickaxe":2,"minecraft:shield":1,"minecraft:stick":52,"minecraft:iron_pickaxe":1,"minecraft:iron_ingot":61,"minecraft:iron_leggings":1,"minecraft:white_bed":1,"minecraft:torch":60,"minecraft:diamond_chestplate":1},"minecraft:killed_by":{"minecraft:enderman":1,"minecraft:zombie":1},"minecraft:killed":{"minecraft:spider":7,"minecraft:skeleton":25,"minecraft:pig":6,"minecraft:bat":1,"minecraft:wandering_trader":1,"minecraft:creeper":2,"minecraft:sheep":7,"minecraft:zombie":119,"minecraft:cow":5}},"DataVersion":3953}