{"stats":{"minecraft:mined":{"minecraft:diamond_ore":7,"minecraft:tuff":126,"minecraft:white_bed":7,"minecraft:mossy_cobblestone":43,"minecraft:deepslate_diamond_ore":84,"minecraft:sculk_vein":49,"minecraft:dark_oak_log":1,"minecraft:brewing_stand":1,"minecraft:obsidian":6,"minecraft:glow_lichen":1,"minecraft:dark_oak_fence":2,"minecraft:granite":89,"minecraft:grass_block":1296,"minecraft:crimson_roots":1,"minecraft:cracked_polished_blackstone_bricks":24,"minecraft:birch_slab":5,"minecraft:composter":6,"minecraft:hopper":13,"minecraft:gilded_blackstone":1,"minecraft:hay_block":10,"minecraft:polished_blackstone_bricks":46,"minecraft:weeping_vines_plant":1,"minecraft:redstone_ore":4,"minecraft:oak_trapdoor":8,"minecraft:furnace":9,"minecraft:iron_ore":47,"minecraft:fire":21,"minecraft:cobbled_deepslate":33,"minecraft:andesite":69,"minecraft:deepslate_lapis_ore":8,"minecraft:fletching_table":3,"minecraft:bell":1,"minecraft:sculk_shrieker":2,"minecraft:dirt_path":64,"minecraft:water_cauldron":4,"minecraft:pointed_dripstone":1,"minecraft:cobblestone_slab":2,"minecraft:deepslate_iron_ore":36,"minecraft:stone":413,"minecraft:smithing_table":1,"minecraft:deepslate_redstone_ore":9,"minecraft:oak_slab":11,"minecraft:blackstone":1,"minecraft:dandelion":2,"minecraft:cornflower":1,"minecraft:crafting_table":9,"minecraft:torch":27,"minecraft:short_grass":447,"minecraft:calcite":11,"minecraft:poppy":1,"minecraft:chest":3,"minecraft:copper_ore":1,"minecraft:tall_grass":60,"minecraft:cobblestone":140,"minecraft:deepslate_coal_ore":3,"minecraft:oak_planks":52,"minecraft:lapis_ore":3,"minecraft:grindstone":1,"minecraft:sugar_cane":1,"minecraft:sculk":897,"minecraft:diorite":36,"minecraft:wall_torch":35,"minecraft:amethyst_block":5,"minecraft:birch_planks":22,"minecraft:birch_log":52,"minecraft:birch_leaves":2,"minecraft:white_wall_banner":1,"minecraft:yellow_bed":3,"minecraft:coal_ore":40,"minecraft:oak_log":275,"minecraft:gravel":35,"minecraft:dripstone_block":1,"minecraft:dirt":324,"minecraft:smooth_basalt":21,"minecraft:deepslate":819,"minecraft:oak_leaves":59},"minecraft:broken":{"minecraft:iron_leggings":1,"minecraft:diamond_shovel":1,"minecraft:stone_axe":1,"minecraft:iron_pickaxe":1},"minecraft:custom":{"minecraft:interact_with_smithing_table":1,"minecraft:mob_kills":197,"minecraft:inspect_hopper":27,"minecraft:interact_with_crafting_table":69,"minecraft:bell_ring":54,"minecraft:leave_game":14,"minecraft:time_since_death":348856,"minecraft:climb_one_cm":24,"minecraft:sprint_one_cm":644766,"minecraft:walk_one_cm":1529557,"minecraft:damage_blocked_by_shield":2854,"minecraft:drop":59,"minecraft:talked_to_villager":40,"minecraft:play_time":439073,"minecraft:sneak_time":9268,"minecraft:deaths":2,"minecraft:walk_under_water_one_cm":53691,"minecraft:boat_one_cm":30858,"minecraft:jump":6904,"minecraft:walk_on_water_one_cm":74412,"minecraft:total_world_time":439073,"minecraft:interact_with_furnace":91,"minecraft:traded_with_villager":31,"minecraft:sleep_in_bed":21,"minecraft:time_since_rest":57341,"minecraft:damage_taken":5089,"minecraft:damage_dealt":33451,"minecraft:player_kills":2,"minecraft:swim_one_cm":38696,"minecraft:fly_one_cm":912772,"minecraft:open_chest":87,"minecraft:crouch_one_cm":22956,"minecraft:fall_one_cm":171688},"minecraft:used":{"minecraft:diamond_hoe":930,"minecraft:chest":7,"minecraft:shield":133,"minecraft:iron_sword":23,"minecraft:bell":1,"minecraft:rotten_flesh":46,"minecraft:torch":135,"minecraft:dirt":444,"minecraft:hopper":16,"minecraft:granite":2,"minecraft:obsidian":10,"minecraft:lava_bucket":30,"minecraft:crimson_roots":1,"minecraft:golden_sword":2,"minecraft:bow":1,"minecraft:furnace":22,"minecraft:egg":1,"minecraft:cooked_beef":3,"minecraft:cobbled_deepslate":183,"minecraft:cooked_mutton":9,"minecraft:water_bucket":99,"minecraft:diorite":16,"minecraft:birch_planks":262,"minecraft:stone_pickaxe":90,"minecraft:oak_planks":623,"minecraft:wooden_pickaxe":19,"minecraft:birch_boat":1,"minecraft:diamond_axe":475,"minecraft:composter":5,"minecraft:fletching_table":4,"minecraft:cobblestone_slab":3,"minecraft:white_wool":1,"minecraft:birch_sign":3,"minecraft:oak_slab":22,"minecraft:crafting_table":32,"minecraft:white_bed":9,"minecraft:diamond_pickaxe":1875,"minecraft:diamond_shovel":2315,"minecraft:dark_oak_log":5,"minecraft:birch_slab":9,"minecraft:bread":49,"minecraft:iron_pickaxe":256,"minecraft:gravel":4,"minecraft:stone_axe":124,"minecraft:diamond_sword":674,"minecraft:cobblestone":171,"minecraft:andesite":2,"minecraft:cooked_porkchop":14,"minecraft:bucket":131,"minecraft:yellow_bed":3,"minecraft:dandelion":1},"minecraft:dropped":{"minecraft:golden_boots":1,"minecraft:iron_sword":1,"minecraft:birch_planks":1,"minecraft:wheat_seeds":44,"minecraft:diamond_axe":2,"minecraft:cooked_beef":1,"minecraft:glow_ink_sac":3,"minecraft:granite":6,"minecraft:coal":8,"minecraft:dirt":352,"minecraft:cornflower":4,"minecraft:iron_pickaxe":1,"minecraft:stone_axe":1,"minecraft:cobbled_deepslate":64,"minecraft:raw_iron":16,"minecraft:rotten_flesh":10,"minecraft:cooked_mutton":1,"minecraft:diamond_sword":1,"minecraft:oak_button":1,"minecraft:andesite":4,"minecraft:oak_sapling":2,"minecraft:golden_sword":1},"minecraft:picked_up":{"minecraft:wooden_axe":1,"minecraft:crafting_table":11,"minecraft:wheat":6,"minecraft:smithing_table":1,"minecraft:diamond_sword":1,"minecraft:wooden_pickaxe":2,"minecraft:gilded_blackstone":1,"minecraft:chain":2,"minecraft:brewing_stand":1,"minecraft:shield":2,"minecraft:amethyst_block":5,"minecraft:cornflower":5,"minecraft:oak_trapdoor":8,"minecraft:string":35,"minecraft:raw_copper":47,"minecraft:iron_axe":2,"minecraft:iron_leggings":1,"minecraft:blackstone":1,"minecraft:cobbled_deepslate":886,"minecraft:bucket":2,"minecraft:beef":7,"minecraft:cobblestone_slab":9,"minecraft:calcite":11,"minecraft:poppy":2,"minecraft:iron_pickaxe":3,"minecraft:sugar_cane":5,"minecraft:chest":3,"minecraft:furnace":10,"minecraft:iron_boots":3,"minecraft:egg":3,"minecraft:stick":18,"minecraft:raw_iron":105,"minecraft:composter":6,"minecraft:torch":78,"minecraft:porkchop":14,"minecraft:polished_blackstone_bricks":60,"minecraft:pointed_dripstone":2,"minecraft:diorite":25,"minecraft:redstone":75,"minecraft:cauldron":4,"minecraft:stone_sword":1,"minecraft:arrow":29,"minecraft:rotten_flesh":103,"minecraft:diamond_chestplate":1,"minecraft:hay_block":10,"minecraft:saddle":4,"minecraft:obsidian":4,"minecraft:mutton":11,"minecraft:white_wool":7,"minecraft:cobblestone":586,"minecraft:oxeye_daisy":1,"minecraft:birch_log":66,"minecraft:feather":1,"minecraft:magma_cream":6,"minecraft:glow_ink_sac":3,"minecraft:birch_slab":6,"minecraft:andesite":101,"minecraft:leather":11,"minecraft:birch_planks":107,"minecraft:flint":8,"minecraft:tuff":112,"minecraft:oak_log":284,"minecraft:golden_boots":1,"minecraft:yellow_bed":3,"minecraft:gunpowder":12,"minecraft:lapis_lazuli":117,"minecraft:dirt":1695,"minecraft:white_banner":1,"minecraft:cooked_mutton":6,"minecraft:bone":25,"minecraft:bow":3,"minecraft:wheat_seeds":101,"minecraft:bell":1,"minecraft:grindstone":1,"minecraft:iron_ingot":12,"minecraft:stone_pickaxe":2,"minecraft:fletching_table":3,"minecraft:iron_sword":1,"minecraft:oak_planks":126,"minecraft:oak_slab":11,"minecraft:smooth_basalt":9,"minecraft:cooked_porkchop":12,"minecraft:birch_boat":1,"minecraft:dandelion":4,"minecraft:gravel":37,"minecraft:lava_bucket":1,"minecraft:white_bed":8,"minecraft:spider_eye":2,"minecraft:mossy_cobblestone":43,"minecraft:pumpkin_seeds":8,"minecraft:diamond":103,"minecraft:stone_axe":6,"minecraft:cracked_polished_blackstone_bricks":24,"minecraft:iron_helmet":2,"minecraft:granite":143,"minecraft:diamond_axe":1,"minecraft:emerald":1,"minecraft:oak_button":2,"minecraft:oak_sapling":8,"minecraft:hopper":15,"minecraft:dark_oak_fence":2,"minecraft:coal":114,"minecraft:crimson_roots":1,"minecraft:diamond_pickaxe":1,"minecraft:ender_pearl":1},"minecraft:crafted":{"minecraft:oak_planks":1076,"minecraft:cobblestone_slab":6,"minecraft:diamond_hoe":1,"minecraft:birch_boat":1,"minecraft:birch_slab":12,"minecraft:furnace":12,"minecraft:bone_meal":36,"minecraft:diamond_shovel":2,"minecraft:cooked_mutton":7,"minecraft:hopper":3,"minecraft:diamond_helmet":1,"minecraft:bow":4,"minecraft:diamond_leggings":1,"minecraft:iron_boots":1,"minecraft:stone_pickaxe":1,"minecraft:chest":7,"minecraft:diamond_boots":1,"minecraft:oak_button":1,"minecraft:birch_sign":3,"minecraft:wheat":90,"minecraft:cooked_beef":4,"minecraft:oak_slab":12,"minecraft:diamond_sword":1,"minecraft:emerald":25,"minecraft:cooked_porkchop":14,"minecraft:diamond_axe":1,"minecraft:crafting_table":21,"minecraft:iron_helmet":1,"minecraft:wooden_pickaxe":1,"minecraft:iron_sword":1,"minecraft:fletching_table":1,"minecraft:birch_planks":344,"minecraft:stone_axe":1,"minecraft:bread":44,"minecraft:air":0,"minecraft:iron_chestplate":1,"minecraft:diamond_pickaxe":2,"minecraft:shield":1,"minecraft:stick":864,"minecraft:iron_ingot":61,"minecraft:iron_pickaxe":1,"minecraft:iron_leggings":1,"minecraft:white_bed":1,"minecraft:torch":60,"minecraft:diamond_chestplate":1},"minecraft:killed_by":{"minecraft:enderman":1,"minecraft:zombie":1},"minecraft:killed":{"minecraft:spider":9,"minecraft:skeleton":27,"minecraft:piglin":1,"minecraft:pig":6,"minecraft:iron_golem":1,"minecraft:bat":1,"minecraft:wandering_trader":1,"minecraft:hoglin":1,"minecraft:creeper":2,"minecraft:sheep":7,"minecraft:pillager":4,"minecraft:zombie":130,"minecraft:enderman":1,"minecraft:cow":5}},"DataVersion":3953}