{"stats":{"minecraft:mined":{"minecraft:diamond_ore":5,"minecraft:tuff":125,"minecraft:white_bed":7,"minecraft:mossy_cobblestone":43,"minecraft:deepslate_diamond_ore":34,"minecraft:sculk_vein":49,"minecraft:brewing_stand":1,"minecraft:obsidian":6,"minecraft:glow_lichen":1,"minecraft:granite":87,"minecraft:grass_block":1296,"minecraft:crimson_roots":1,"minecraft:cracked_polished_blackstone_bricks":17,"minecraft:birch_slab":5,"minecraft:composter":5,"minecraft:hopper":13,"minecraft:gilded_blackstone":1,"minecraft:hay_block":10,"minecraft:polished_blackstone_bricks":29,"minecraft:redstone_ore":4,"minecraft:oak_trapdoor":8,"minecraft:furnace":9,"minecraft:iron_ore":47,"minecraft:cobbled_deepslate":33,"minecraft:fire":21,"minecraft:andesite":65,"minecraft:deepslate_lapis_ore":8,"minecraft:fletching_table":3,"minecraft:bell":1,"minecraft:sculk_shrieker":2,"minecraft:dirt_path":64,"minecraft:water_cauldron":4,"minecraft:pointed_dripstone":1,"minecraft:cobblestone_slab":2,"minecraft:deepslate_iron_ore":36,"minecraft:stone":403,"minecraft:smithing_table":1,"minecraft:deepslate_redstone_ore":9,"minecraft:oak_slab":11,"minecraft:blackstone":1,"minecraft:dandelion":2,"minecraft:cornflower":1,"minecraft:crafting_table":9,"minecraft:torch":27,"minecraft:short_grass":397,"minecraft:poppy":1,"minecraft:chest":3,"minecraft:copper_ore":1,"minecraft:tall_grass":33,"minecraft:cobblestone":140,"minecraft:lapis_ore":3,"minecraft:grindstone":1,"minecraft:oak_planks":52,"minecraft:sculk":897,"minecraft:diorite":36,"minecraft:wall_torch":35,"minecraft:birch_planks":22,"minecraft:birch_log":52,"minecraft:birch_leaves":2,"minecraft:yellow_bed":3,"minecraft:oak_log":211,"minecraft:coal_ore":37,"minecraft:gravel":18,"minecraft:dripstone_block":1,"minecraft:dirt":323,"minecraft:smooth_basalt":12,"minecraft:oak_leaves":51,"minecraft:deepslate":666},"minecraft:broken":{"minecraft:iron_leggings":1,"minecraft:diamond_shovel":1,"minecraft:stone_axe":1,"minecraft:iron_pickaxe":1},"minecraft:custom":{"minecraft:interact_with_smithing_table":1,"minecraft:mob_kills":188,"minecraft:inspect_hopper":27,"minecraft:interact_with_crafting_table":69,"minecraft:bell_ring":54,"minecraft:leave_game":10,"minecraft:time_since_death":314192,"minecraft:sprint_one_cm":552310,"minecraft:walk_one_cm":1451009,"minecraft:damage_blocked_by_shield":2854,"minecraft:drop":54,"minecraft:talked_to_villager":32,"minecraft:play_time":404409,"minecraft:sneak_time":7868,"minecraft:deaths":2,"minecraft:walk_under_water_one_cm":51980,"minecraft:boat_one_cm":30858,"minecraft:jump":6189,"minecraft:walk_on_water_one_cm":69625,"minecraft:total_world_time":404409,"minecraft:interact_with_furnace":90,"minecraft:traded_with_villager":15,"minecraft:sleep_in_bed":21,"minecraft:time_since_rest":22677,"minecraft:damage_taken":4511,"minecraft:damage_dealt":30833,"minecraft:player_kills":2,"minecraft:swim_one_cm":18862,"minecraft:fly_one_cm":748607,"minecraft:open_chest":80,"minecraft:crouch_one_cm":20275,"minecraft:fall_one_cm":152492},"minecraft:used":{"minecraft:diamond_hoe":930,"minecraft:chest":7,"minecraft:shield":133,"minecraft:iron_sword":23,"minecraft:bell":1,"minecraft:rotten_flesh":45,"minecraft:torch":135,"minecraft:dirt":444,"minecraft:hopper":16,"minecraft:granite":2,"minecraft:obsidian":10,"minecraft:lava_bucket":27,"minecraft:crimson_roots":1,"minecraft:bow":1,"minecraft:furnace":22,"minecraft:cooked_beef":3,"minecraft:cobbled_deepslate":171,"minecraft:cooked_mutton":9,"minecraft:water_bucket":99,"minecraft:diorite":16,"minecraft:birch_planks":262,"minecraft:stone_pickaxe":90,"minecraft:oak_planks":623,"minecraft:cobblestone_slab":3,"minecraft:wooden_pickaxe":19,"minecraft:birch_boat":1,"minecraft:diamond_axe":331,"minecraft:composter":5,"minecraft:fletching_table":4,"minecraft:white_wool":1,"minecraft:birch_sign":3,"minecraft:oak_slab":19,"minecraft:crafting_table":32,"minecraft:white_bed":9,"minecraft:diamond_pickaxe":1576,"minecraft:diamond_shovel":2315,"minecraft:birch_slab":9,"minecraft:bread":35,"minecraft:iron_pickaxe":256,"minecraft:gravel":4,"minecraft:stone_axe":124,"minecraft:diamond_sword":637,"minecraft:cobblestone":171,"minecraft:cooked_porkchop":14,"minecraft:andesite":2,"minecraft:bucket":128,"minecraft:yellow_bed":3,"minecraft:dandelion":1},"minecraft:dropped":{"minecraft:iron_sword":1,"minecraft:diamond_axe":1,"minecraft:birch_planks":1,"minecraft:wheat_seeds":44,"minecraft:cooked_beef":1,"minecraft:glow_ink_sac":3,"minecraft:granite":6,"minecraft:coal":8,"minecraft:dirt":352,"minecraft:cornflower":4,"minecraft:iron_pickaxe":1,"minecraft:stone_axe":1,"minecraft:cobbled_deepslate":64,"minecraft:raw_iron":16,"minecraft:rotten_flesh":10,"minecraft:cooked_mutton":1,"minecraft:oak_button":1,"minecraft:oak_sapling":2},"minecraft:picked_up":{"minecraft:wooden_axe":1,"minecraft:crafting_table":11,"minecraft:wheat":6,"minecraft:smithing_table":1,"minecraft:diamond_sword":1,"minecraft:wooden_pickaxe":2,"minecraft:gilded_blackstone":1,"minecraft:brewing_stand":1,"minecraft:shield":2,"minecraft:cornflower":5,"minecraft:string":35,"minecraft:oak_trapdoor":8,"minecraft:raw_copper":47,"minecraft:iron_axe":2,"minecraft:iron_leggings":1,"minecraft:blackstone":1,"minecraft:cobbled_deepslate":772,"minecraft:bucket":2,"minecraft:beef":7,"minecraft:cobblestone_slab":9,"minecraft:poppy":2,"minecraft:iron_pickaxe":3,"minecraft:sugar_cane":2,"minecraft:chest":3,"minecraft:egg":1,"minecraft:iron_boots":3,"minecraft:furnace":10,"minecraft:stick":17,"minecraft:raw_iron":105,"minecraft:composter":5,"minecraft:torch":78,"minecraft:porkchop":14,"minecraft:polished_blackstone_bricks":27,"minecraft:pointed_dripstone":2,"minecraft:diorite":25,"minecraft:redstone":75,"minecraft:cauldron":4,"minecraft:stone_sword":1,"minecraft:arrow":27,"minecraft:rotten_flesh":102,"minecraft:diamond_chestplate":1,"minecraft:hay_block":10,"minecraft:saddle":4,"minecraft:obsidian":4,"minecraft:mutton":11,"minecraft:white_wool":7,"minecraft:cobblestone":576,"minecraft:oxeye_daisy":1,"minecraft:birch_log":66,"minecraft:feather":1,"minecraft:glow_ink_sac":3,"minecraft:birch_slab":6,"minecraft:andesite":97,"minecraft:leather":11,"minecraft:birch_planks":107,"minecraft:flint":5,"minecraft:tuff":112,"minecraft:oak_log":220,"minecraft:yellow_bed":3,"minecraft:gunpowder":12,"minecraft:lapis_lazuli":117,"minecraft:dirt":1694,"minecraft:cooked_mutton":6,"minecraft:bone":25,"minecraft:bow":3,"minecraft:wheat_seeds":98,"minecraft:bell":1,"minecraft:iron_ingot":8,"minecraft:grindstone":1,"minecraft:stone_pickaxe":2,"minecraft:fletching_table":3,"minecraft:iron_sword":1,"minecraft:oak_planks":126,"minecraft:oak_slab":11,"minecraft:cooked_porkchop":12,"minecraft:birch_boat":1,"minecraft:dandelion":4,"minecraft:gravel":25,"minecraft:white_bed":8,"minecraft:spider_eye":1,"minecraft:mossy_cobblestone":43,"minecraft:pumpkin_seeds":8,"minecraft:diamond":51,"minecraft:stone_axe":6,"minecraft:cracked_polished_blackstone_bricks":14,"minecraft:iron_helmet":2,"minecraft:granite":141,"minecraft:emerald":1,"minecraft:oak_button":2,"minecraft:oak_sapling":6,"minecraft:hopper":15,"minecraft:coal":108,"minecraft:crimson_roots":1,"minecraft:ender_pearl":1,"minecraft:diamond_pickaxe":1},"minecraft:crafted":{"minecraft:oak_planks":820,"minecraft:cobblestone_slab":6,"minecraft:diamond_hoe":1,"minecraft:birch_boat":1,"minecraft:birch_slab":12,"minecraft:furnace":12,"minecraft:bone_meal":36,"minecraft:diamond_shovel":2,"minecraft:cooked_mutton":7,"minecraft:hopper":3,"minecraft:diamond_helmet":1,"minecraft:diamond_leggings":1,"minecraft:bow":4,"minecraft:iron_boots":1,"minecraft:stone_pickaxe":1,"minecraft:chest":7,"minecraft:diamond_boots":1,"minecraft:oak_button":1,"minecraft:birch_sign":3,"minecraft:wheat":90,"minecraft:cooked_beef":4,"minecraft:oak_slab":12,"minecraft:diamond_sword":1,"minecraft:emerald":9,"minecraft:cooked_porkchop":14,"minecraft:diamond_axe":1,"minecraft:crafting_table":21,"minecraft:iron_helmet":1,"minecraft:wooden_pickaxe":1,"minecraft:iron_sword":1,"minecraft:fletching_table":1,"minecraft:birch_planks":344,"minecraft:stone_axe":1,"minecraft:bread":44,"minecraft:air":0,"minecraft:iron_chestplate":1,"minecraft:diamond_pickaxe":2,"minecraft:shield":1,"minecraft:stick":352,"minecraft:iron_ingot":61,"minecraft:iron_pickaxe":1,"minecraft:iron_leggings":1,"minecraft:white_bed":1,"minecraft:torch":60,"minecraft:diamond_chestplate":1},"minecraft:killed_by":{"minecraft:enderman":1,"minecraft:zombie":1},"minecraft:killed":{"minecraft:spider":8,"minecraft:skeleton":26,"minecraft:piglin":1,"minecraft:pig":6,"minecraft:bat":1,"minecraft:wandering_trader":1,"minecraft:creeper":2,"minecraft:sheep":7,"minecraft:zombie":129,"minecraft:enderman":1,"minecraft:cow":5}},"DataVersion":3953}