{"stats":{"minecraft:killed":{"minecraft:spider":10,"minecraft:skeleton":27,"minecraft:piglin":1,"minecraft:pig":6,"minecraft:iron_golem":1,"minecraft:creeper":2,"minecraft:sheep":7,"minecraft:pillager":4,"minecraft:zombie":130,"minecraft:cow":5,"minecraft:bat":1,"minecraft:wandering_trader":1,"minecraft:hoglin":1,"minecraft:enderman":1},"minecraft:picked_up":{"minecraft:wooden_axe":1,"minecraft:wheat":6,"minecraft:smithing_table":1,"minecraft:diamond_sword":1,"minecraft:oak_stairs":3,"minecraft:enchanted_book":1,"minecraft:gilded_blackstone":1,"minecraft:brewing_stand":1,"minecraft:amethyst_block":5,"minecraft:string":36,"minecraft:raw_copper":47,"minecraft:iron_leggings":1,"minecraft:cobbled_deepslate":920,"minecraft:bucket":2,"minecraft:cobblestone_slab":9,"minecraft:calcite":11,"minecraft:iron_pickaxe":4,"minecraft:enchanted_golden_apple":64,"minecraft:iron_boots":3,"minecraft:furnace":10,"minecraft:tipped_arrow":63,"minecraft:stick":146,"minecraft:composter":6,"minecraft:torch":79,"minecraft:porkchop":14,"minecraft:pointed_dripstone":2,"minecraft:diorite":25,"minecraft:cauldron":4,"minecraft:stone_sword":1,"minecraft:rotten_flesh":157,"minecraft:glowstone":64,"minecraft:netherite_chestplate":1,"minecraft:obsidian":64,"minecraft:cobblestone":591,"minecraft:birch_log":66,"minecraft:magma_cream":6,"minecraft:feather":1,"minecraft:cooked_beef":4,"minecraft:birch_slab":6,"minecraft:andesite":101,"minecraft:potato":10,"minecraft:flint":8,"minecraft:tuff":112,"minecraft:dirt":1698,"minecraft:lapis_lazuli":117,"minecraft:netherite_leggings":2,"minecraft:bone":41,"minecraft:bow":5,"minecraft:wheat_seeds":156,"minecraft:bell":1,"minecraft:grindstone":1,"minecraft:netherite_axe":1,"minecraft:fletching_table":3,"minecraft:oak_planks":130,"minecraft:cooked_porkchop":12,"minecraft:mossy_cobblestone":43,"minecraft:diamond":113,"minecraft:netherite_helmet":2,"minecraft:cracked_polished_blackstone_bricks":24,"minecraft:granite":145,"minecraft:bone_meal":10,"minecraft:emerald":1,"minecraft:oak_sapling":8,"minecraft:dark_oak_fence":2,"minecraft:crimson_roots":1,"minecraft:diamond_pickaxe":2,"minecraft:crafting_table":11,"minecraft:splash_potion":1,"minecraft:chicken":1,"minecraft:wooden_pickaxe":3,"minecraft:chain":2,"minecraft:shield":3,"minecraft:cornflower":5,"minecraft:oak_trapdoor":8,"minecraft:iron_axe":2,"minecraft:blackstone":1,"minecraft:respawn_anchor":64,"minecraft:netherite_sword":1,"minecraft:beef":10,"minecraft:poppy":3,"minecraft:sugar_cane":5,"minecraft:chest":3,"minecraft:diamond_hoe":1,"minecraft:egg":11,"minecraft:raw_iron":105,"minecraft:polished_blackstone_bricks":60,"minecraft:redstone":75,"minecraft:arrow":29,"minecraft:diamond_chestplate":1,"minecraft:hay_block":17,"minecraft:saddle":4,"minecraft:totem_of_undying":8,"minecraft:mutton":11,"minecraft:white_wool":8,"minecraft:oxeye_daisy":2,"minecraft:netherite_boots":1,"minecraft:glow_ink_sac":3,"minecraft:leather":20,"minecraft:birch_planks":107,"minecraft:oak_log":286,"minecraft:golden_boots":1,"minecraft:yellow_bed":3,"minecraft:gunpowder":12,"minecraft:white_banner":1,"minecraft:cooked_mutton":6,"minecraft:iron_ingot":13,"minecraft:stone_pickaxe":2,"minecraft:iron_sword":1,"minecraft:sculk_catalyst":1,"minecraft:oak_slab":11,"minecraft:smooth_basalt":9,"minecraft:birch_boat":1,"minecraft:dandelion":4,"minecraft:gravel":37,"minecraft:lava_bucket":3,"minecraft:white_bed":9,"minecraft:spider_eye":3,"minecraft:diamond_shovel":1,"minecraft:pumpkin_seeds":8,"minecraft:stone_axe":7,"minecraft:iron_helmet":2,"minecraft:diamond_axe":2,"minecraft:cherry_sapling":4,"minecraft:oak_button":2,"minecraft:coal":136,"minecraft:hopper":15,"minecraft:ender_pearl":18,"minecraft:sunflower":1},"minecraft:used":{"minecraft:diamond_hoe":930,"minecraft:chest":7,"minecraft:shield":133,"minecraft:iron_sword":23,"minecraft:bell":1,"minecraft:rotten_flesh":46,"minecraft:obsidian":14,"minecraft:lava_bucket":32,"minecraft:crimson_roots":1,"minecraft:golden_sword":2,"minecraft:bow":1,"minecraft:furnace":22,"minecraft:egg":1,"minecraft:diorite":16,"minecraft:stone_pickaxe":90,"minecraft:oak_planks":623,"minecraft:wooden_pickaxe":19,"minecraft:composter":5,"minecraft:diamond_axe":475,"minecraft:white_wool":1,"minecraft:respawn_anchor":7,"minecraft:crossbow":1,"minecraft:dark_oak_log":5,"minecraft:birch_slab":9,"minecraft:bread":49,"minecraft:gravel":4,"minecraft:diamond_sword":674,"minecraft:andesite":2,"minecraft:netherite_sword":7,"minecraft:torch":135,"minecraft:dirt":444,"minecraft:anvil":2,"minecraft:hopper":16,"minecraft:granite":2,"minecraft:totem_of_undying":2,"minecraft:glowstone":12,"minecraft:cooked_beef":3,"minecraft:cobbled_deepslate":239,"minecraft:enchanted_golden_apple":1,"minecraft:cooked_mutton":9,"minecraft:water_bucket":99,"minecraft:birch_planks":262,"minecraft:birch_boat":1,"minecraft:fletching_table":4,"minecraft:cobblestone_slab":3,"minecraft:oak_slab":22,"minecraft:crafting_table":32,"minecraft:birch_sign":3,"minecraft:white_bed":9,"minecraft:diamond_pickaxe":1944,"minecraft:diamond_shovel":2315,"minecraft:iron_pickaxe":256,"minecraft:stone_axe":124,"minecraft:cobblestone":171,"minecraft:potion":1,"minecraft:end_crystal":4,"minecraft:cooked_porkchop":14,"minecraft:bucket":132,"minecraft:yellow_bed":3,"minecraft:dandelion":1,"minecraft:splash_potion":2},"minecraft:mined":{"minecraft:white_bed":7,"minecraft:sculk_vein":49,"minecraft:brewing_stand":1,"minecraft:obsidian":6,"minecraft:granite":91,"minecraft:grass_block":1296,"minecraft:cracked_polished_blackstone_bricks":24,"minecraft:hopper":13,"minecraft:composter":6,"minecraft:gilded_blackstone":1,"minecraft:polished_blackstone_bricks":46,"minecraft:weeping_vines_plant":1,"minecraft:iron_ore":47,"minecraft:cobbled_deepslate":33,"minecraft:fire":22,"minecraft:fletching_table":3,"minecraft:deepslate_lapis_ore":8,"minecraft:sculk_shrieker":2,"minecraft:pointed_dripstone":1,"minecraft:water_cauldron":4,"minecraft:dirt_path":64,"minecraft:deepslate_redstone_ore":9,"minecraft:blackstone":1,"minecraft:torch":27,"minecraft:calcite":11,"minecraft:poppy":1,"minecraft:chest":3,"minecraft:cobblestone":140,"minecraft:sugar_cane":1,"minecraft:grindstone":1,"minecraft:oak_planks":52,"minecraft:wall_torch":35,"minecraft:amethyst_block":5,"minecraft:birch_log":52,"minecraft:oak_log":275,"minecraft:dirt":324,"minecraft:smooth_basalt":21,"minecraft:oak_leaves":59,"minecraft:deepslate":869,"minecraft:diamond_ore":7,"minecraft:tuff":126,"minecraft:mossy_cobblestone":43,"minecraft:deepslate_diamond_ore":94,"minecraft:dark_oak_log":1,"minecraft:glow_lichen":1,"minecraft:dark_oak_fence":2,"minecraft:crimson_roots":1,"minecraft:birch_slab":5,"minecraft:hay_block":10,"minecraft:redstone_ore":4,"minecraft:oak_trapdoor":8,"minecraft:furnace":9,"minecraft:andesite":70,"minecraft:bell":1,"minecraft:deepslate_iron_ore":36,"minecraft:cobblestone_slab":2,"minecraft:stone":413,"minecraft:smithing_table":1,"minecraft:oak_slab":11,"minecraft:dandelion":2,"minecraft:crafting_table":9,"minecraft:cornflower":1,"minecraft:short_grass":447,"minecraft:tall_grass":60,"minecraft:copper_ore":1,"minecraft:deepslate_coal_ore":3,"minecraft:lapis_ore":3,"minecraft:sculk":897,"minecraft:diorite":36,"minecraft:birch_planks":22,"minecraft:birch_leaves":2,"minecraft:white_wall_banner":1,"minecraft:yellow_bed":3,"minecraft:coal_ore":40,"minecraft:gravel":35,"minecraft:dripstone_block":1},"minecraft:crafted":{"minecraft:oak_planks":1228,"minecraft:cobblestone_slab":6,"minecraft:birch_boat":1,"minecraft:birch_slab":12,"minecraft:diamond_shovel":2,"minecraft:cooked_mutton":7,"minecraft:hopper":3,"minecraft:diamond_helmet":1,"minecraft:diamond_leggings":1,"minecraft:bow":4,"minecraft:iron_boots":1,"minecraft:chest":7,"minecraft:oak_button":1,"minecraft:oak_slab":12,"minecraft:emerald":33,"minecraft:cooked_porkchop":14,"minecraft:diamond_axe":1,"minecraft:crafting_table":21,"minecraft:wooden_pickaxe":1,"minecraft:iron_helmet":1,"minecraft:fletching_table":1,"minecraft:birch_planks":344,"minecraft:iron_chestplate":1,"minecraft:diamond_pickaxe":2,"minecraft:shield":1,"minecraft:stick":1760,"minecraft:iron_ingot":61,"minecraft:iron_pickaxe":1,"minecraft:cherry_planks":1024,"minecraft:diamond_hoe":1,"minecraft:furnace":12,"minecraft:bone_meal":36,"minecraft:stone_pickaxe":1,"minecraft:diamond_boots":1,"minecraft:birch_sign":3,"minecraft:wheat":90,"minecraft:cooked_beef":4,"minecraft:diamond_sword":1,"minecraft:iron_sword":1,"minecraft:stone_axe":1,"minecraft:bread":44,"minecraft:air":0,"minecraft:iron_leggings":1,"minecraft:white_bed":1,"minecraft:torch":60,"minecraft:diamond_chestplate":1},"minecraft:broken":{"minecraft:iron_leggings":1,"minecraft:diamond_shovel":1,"minecraft:stone_axe":1,"minecraft:iron_pickaxe":1},"minecraft:killed_by":{"minecraft:zombie":1,"minecraft:player":1,"minecraft:enderman":1,"minecraft:skeleton":1},"minecraft:dropped":{"minecraft:iron_sword":1,"minecraft:birch_planks":1,"minecraft:diamond_axe":2,"minecraft:cooked_beef":1,"minecraft:glow_ink_sac":3,"minecraft:emerald":8,"minecraft:dirt":352,"minecraft:cornflower":4,"minecraft:iron_pickaxe":1,"minecraft:stone_axe":1,"minecraft:cobbled_deepslate":64,"minecraft:rotten_flesh":10,"minecraft:cooked_mutton":1,"minecraft:poppy":1,"minecraft:golden_boots":1,"minecraft:enchanted_book":2,"minecraft:wheat_seeds":44,"minecraft:granite":6,"minecraft:coal":8,"minecraft:stick":384,"minecraft:cherry_planks":384,"minecraft:raw_iron":16,"minecraft:diamond_sword":1,"minecraft:oak_button":1,"minecraft:andesite":4,"minecraft:oak_sapling":2,"minecraft:golden_sword":1},"minecraft:custom":{"minecraft:interact_with_crafting_table":70,"minecraft:bell_ring":54,"minecraft:leave_game":14,"minecraft:time_since_death":0,"minecraft:damage_resisted":26,"minecraft:sprint_one_cm":666074,"minecraft:damage_blocked_by_shield":2854,"minecraft:drop":75,"minecraft:talked_to_villager":42,"minecraft:play_time":473803,"minecraft:deaths":8,"minecraft:jump":7166,"minecraft:walk_on_water_one_cm":78679,"minecraft:interact_with_furnace":91,"minecraft:traded_with_villager":39,"minecraft:sleep_in_bed":21,"minecraft:damage_dealt":33847,"minecraft:player_kills":4,"minecraft:crouch_one_cm":23656,"minecraft:interact_with_smithing_table":1,"minecraft:mob_kills":198,"minecraft:interact_with_anvil":13,"minecraft:inspect_hopper":27,"minecraft:climb_one_cm":24,"minecraft:walk_one_cm":1562595,"minecraft:sneak_time":10509,"minecraft:walk_under_water_one_cm":67917,"minecraft:boat_one_cm":30858,"minecraft:total_world_time":473803,"minecraft:time_since_rest":1016,"minecraft:damage_taken":6160,"minecraft:damage_absorbed":124,"minecraft:swim_one_cm":49956,"minecraft:fly_one_cm":1137188,"minecraft:open_chest":89,"minecraft:fall_one_cm":179521}},"DataVersion":3953}