{"stats":{"minecraft:mined":{"minecraft:deepslate_redstone_ore":3,"minecraft:white_bed":1,"minecraft:deepslate_diamond_ore":10,"minecraft:sculk_vein":3,"minecraft:crafting_table":3,"minecraft:torch":9,"minecraft:granite":23,"minecraft:short_grass":1,"minecraft:grass_block":4,"minecraft:lapis_ore":3,"minecraft:wall_torch":4,"minecraft:redstone_ore":4,"minecraft:furnace":4,"minecraft:birch_log":6,"minecraft:iron_ore":29,"minecraft:andesite":7,"minecraft:deepslate_lapis_ore":5,"minecraft:sculk_shrieker":1,"minecraft:coal_ore":14,"minecraft:oak_log":15,"minecraft:deepslate_iron_ore":28,"minecraft:dirt":5,"minecraft:stone":104,"minecraft:oak_leaves":4,"minecraft:deepslate":8},"minecraft:custom":{"minecraft:interact_with_furnace":49,"minecraft:mob_kills":20,"minecraft:interact_with_crafting_table":22,"minecraft:time_since_death":8076,"minecraft:sleep_in_bed":4,"minecraft:time_since_rest":8104,"minecraft:sprint_one_cm":26755,"minecraft:damage_taken":669,"minecraft:walk_one_cm":126721,"minecraft:damage_blocked_by_shield":748,"minecraft:drop":23,"minecraft:damage_dealt":3353,"minecraft:fly_one_cm":33176,"minecraft:open_chest":2,"minecraft:crouch_one_cm":4887,"minecraft:play_time":35366,"minecraft:deaths":1,"minecraft:sneak_time":1432,"minecraft:walk_under_water_one_cm":67,"minecraft:jump":331,"minecraft:walk_on_water_one_cm":366,"minecraft:total_world_time":35366,"minecraft:fall_one_cm":10026},"minecraft:used":{"minecraft:cooked_mutton":1,"minecraft:stone_pickaxe":90,"minecraft:oak_planks":1,"minecraft:chest":2,"minecraft:wooden_pickaxe":19,"minecraft:shield":22,"minecraft:iron_sword":23,"minecraft:torch":20,"minecraft:dirt":2,"minecraft:crafting_table":4,"minecraft:white_bed":2,"minecraft:iron_pickaxe":147,"minecraft:stone_axe":29,"minecraft:diamond_sword":20,"minecraft:cobblestone":2,"minecraft:furnace":6,"minecraft:cooked_beef":3},"minecraft:dropped":{"minecraft:cooked_beef":1,"minecraft:raw_iron":16,"minecraft:rotten_flesh":2,"minecraft:coal":8},"minecraft:picked_up":{"minecraft:birch_log":12,"minecraft:crafting_table":3,"minecraft:andesite":19,"minecraft:leather":6,"minecraft:wooden_pickaxe":1,"minecraft:flint":2,"minecraft:oak_log":20,"minecraft:shield":1,"minecraft:lapis_lazuli":96,"minecraft:dirt":14,"minecraft:cooked_mutton":3,"minecraft:cobbled_deepslate":13,"minecraft:iron_ingot":1,"minecraft:beef":6,"minecraft:stone_pickaxe":1,"minecraft:iron_pickaxe":1,"minecraft:iron_sword":1,"minecraft:oak_planks":21,"minecraft:iron_boots":1,"minecraft:furnace":4,"minecraft:stick":4,"minecraft:raw_iron":81,"minecraft:torch":18,"minecraft:white_bed":1,"minecraft:redstone":52,"minecraft:rotten_flesh":5,"minecraft:diamond":10,"minecraft:stone_axe":1,"minecraft:iron_helmet":1,"minecraft:granite":48,"minecraft:mutton":4,"minecraft:coal":25,"minecraft:white_wool":3,"minecraft:cobblestone":192},"minecraft:crafted":{"minecraft:cooked_beef":4,"minecraft:oak_planks":40,"minecraft:diamond_sword":1,"minecraft:crafting_table":1,"minecraft:wooden_pickaxe":1,"minecraft:iron_helmet":1,"minecraft:iron_sword":1,"minecraft:furnace":2,"minecraft:stone_axe":1,"minecraft:cooked_mutton":3,"minecraft:air":0,"minecraft:iron_chestplate":1,"minecraft:iron_boots":1,"minecraft:shield":1,"minecraft:stick":12,"minecraft:iron_ingot":35,"minecraft:iron_pickaxe":1,"minecraft:stone_pickaxe":1,"minecraft:chest":2,"minecraft:iron_leggings":1,"minecraft:white_bed":1,"minecraft:torch":4},"minecraft:killed":{"minecraft:sheep":3,"minecraft:skeleton":4,"minecraft:zombie":9,"minecraft:cow":3},"minecraft:killed_by":{"minecraft:enderman":1}},"DataVersion":3953}