{"stats":{"minecraft:mined":{"minecraft:deepslate_redstone_ore":3,"minecraft:diamond_ore":5,"minecraft:tuff":36,"minecraft:white_bed":1,"minecraft:mossy_cobblestone":43,"minecraft:deepslate_diamond_ore":15,"minecraft:sculk_vein":5,"minecraft:crafting_table":4,"minecraft:torch":11,"minecraft:granite":23,"minecraft:short_grass":1,"minecraft:grass_block":4,"minecraft:chest":2,"minecraft:cobblestone":104,"minecraft:lapis_ore":3,"minecraft:sculk":3,"minecraft:wall_torch":7,"minecraft:redstone_ore":4,"minecraft:furnace":4,"minecraft:birch_log":6,"minecraft:iron_ore":29,"minecraft:andesite":7,"minecraft:deepslate_lapis_ore":8,"minecraft:sculk_shrieker":1,"minecraft:coal_ore":14,"minecraft:oak_log":15,"minecraft:deepslate_iron_ore":33,"minecraft:gravel":5,"minecraft:dirt":5,"minecraft:stone":110,"minecraft:oak_leaves":4,"minecraft:deepslate":197},"minecraft:broken":{"minecraft:iron_pickaxe":1},"minecraft:custom":{"minecraft:interact_with_furnace":50,"minecraft:mob_kills":33,"minecraft:interact_with_crafting_table":25,"minecraft:time_since_death":32076,"minecraft:sleep_in_bed":4,"minecraft:time_since_rest":32104,"minecraft:sprint_one_cm":35120,"minecraft:damage_taken":916,"minecraft:walk_one_cm":228307,"minecraft:damage_blocked_by_shield":1223,"minecraft:drop":24,"minecraft:damage_dealt":5676,"minecraft:player_kills":1,"minecraft:fly_one_cm":51486,"minecraft:open_chest":6,"minecraft:crouch_one_cm":5045,"minecraft:play_time":59366,"minecraft:deaths":1,"minecraft:sneak_time":1593,"minecraft:walk_under_water_one_cm":67,"minecraft:jump":596,"minecraft:walk_on_water_one_cm":366,"minecraft:total_world_time":59366,"minecraft:fall_one_cm":15621},"minecraft:used":{"minecraft:cooked_mutton":3,"minecraft:stone_pickaxe":90,"minecraft:oak_planks":1,"minecraft:chest":2,"minecraft:wooden_pickaxe":19,"minecraft:shield":52,"minecraft:iron_sword":23,"minecraft:rotten_flesh":4,"minecraft:torch":28,"minecraft:dirt":2,"minecraft:crafting_table":5,"minecraft:white_bed":2,"minecraft:diamond_pickaxe":293,"minecraft:iron_pickaxe":256,"minecraft:stone_axe":32,"minecraft:diamond_sword":61,"minecraft:cobblestone":35,"minecraft:furnace":6,"minecraft:cooked_beef":3},"minecraft:dropped":{"minecraft:cooked_beef":1,"minecraft:raw_iron":16,"minecraft:rotten_flesh":2,"minecraft:coal":8,"minecraft:dirt":7},"minecraft:picked_up":{"minecraft:birch_log":12,"minecraft:wheat":6,"minecraft:crafting_table":4,"minecraft:andesite":19,"minecraft:leather":6,"minecraft:wooden_pickaxe":1,"minecraft:flint":2,"minecraft:tuff":36,"minecraft:oak_log":23,"minecraft:shield":1,"minecraft:gunpowder":4,"minecraft:string":15,"minecraft:lapis_lazuli":117,"minecraft:dirt":21,"minecraft:cooked_mutton":3,"minecraft:cobbled_deepslate":206,"minecraft:iron_ingot":1,"minecraft:beef":6,"minecraft:stone_pickaxe":1,"minecraft:iron_pickaxe":1,"minecraft:chest":2,"minecraft:iron_sword":1,"minecraft:oak_planks":27,"minecraft:iron_boots":1,"minecraft:furnace":4,"minecraft:stick":4,"minecraft:raw_iron":86,"minecraft:torch":27,"minecraft:gravel":6,"minecraft:white_bed":1,"minecraft:redstone":52,"minecraft:mossy_cobblestone":43,"minecraft:pumpkin_seeds":4,"minecraft:rotten_flesh":12,"minecraft:diamond":20,"minecraft:stone_axe":1,"minecraft:iron_helmet":1,"minecraft:granite":48,"minecraft:saddle":2,"minecraft:mutton":4,"minecraft:coal":25,"minecraft:white_wool":3,"minecraft:cobblestone":346},"minecraft:crafted":{"minecraft:cooked_beef":4,"minecraft:oak_planks":40,"minecraft:diamond_sword":1,"minecraft:crafting_table":2,"minecraft:wooden_pickaxe":1,"minecraft:iron_helmet":1,"minecraft:iron_sword":1,"minecraft:furnace":2,"minecraft:stone_axe":1,"minecraft:cooked_mutton":3,"minecraft:air":0,"minecraft:iron_chestplate":1,"minecraft:iron_boots":1,"minecraft:diamond_pickaxe":1,"minecraft:shield":1,"minecraft:stick":16,"minecraft:iron_ingot":35,"minecraft:iron_pickaxe":1,"minecraft:stone_pickaxe":1,"minecraft:chest":2,"minecraft:iron_leggings":1,"minecraft:white_bed":1,"minecraft:torch":4,"minecraft:diamond_chestplate":1},"minecraft:killed":{"minecraft:sheep":3,"minecraft:skeleton":4,"minecraft:zombie":22,"minecraft:cow":3},"minecraft:killed_by":{"minecraft:enderman":1}},"DataVersion":3953}