{"stats":{"minecraft:mined":{"minecraft:diamond_ore":5,"minecraft:tuff":112,"minecraft:white_bed":3,"minecraft:mossy_cobblestone":43,"minecraft:deepslate_diamond_ore":21,"minecraft:sculk_vein":49,"minecraft:glow_lichen":1,"minecraft:granite":85,"minecraft:grass_block":327,"minecraft:birch_slab":5,"minecraft:hopper":13,"minecraft:hay_block":10,"minecraft:redstone_ore":4,"minecraft:oak_trapdoor":8,"minecraft:furnace":7,"minecraft:iron_ore":36,"minecraft:cobbled_deepslate":33,"minecraft:fire":4,"minecraft:andesite":63,"minecraft:deepslate_lapis_ore":8,"minecraft:sculk_shrieker":2,"minecraft:pointed_dripstone":1,"minecraft:deepslate_iron_ore":36,"minecraft:cobblestone_slab":2,"minecraft:dirt_path":46,"minecraft:stone":375,"minecraft:deepslate_redstone_ore":3,"minecraft:dandelion":2,"minecraft:crafting_table":6,"minecraft:cornflower":1,"minecraft:torch":26,"minecraft:short_grass":154,"minecraft:chest":3,"minecraft:tall_grass":10,"minecraft:copper_ore":1,"minecraft:cobblestone":135,"minecraft:lapis_ore":3,"minecraft:oak_planks":1,"minecraft:sculk":897,"minecraft:diorite":20,"minecraft:wall_torch":27,"minecraft:birch_planks":11,"minecraft:birch_log":6,"minecraft:birch_leaves":1,"minecraft:oak_log":72,"minecraft:coal_ore":37,"minecraft:gravel":9,"minecraft:dripstone_block":1,"minecraft:dirt":170,"minecraft:smooth_basalt":12,"minecraft:oak_leaves":26,"minecraft:deepslate":539},"minecraft:broken":{"minecraft:stone_axe":1,"minecraft:iron_pickaxe":1},"minecraft:custom":{"minecraft:interact_with_smithing_table":1,"minecraft:mob_kills":176,"minecraft:inspect_hopper":27,"minecraft:interact_with_crafting_table":53,"minecraft:leave_game":4,"minecraft:time_since_death":157810,"minecraft:sprint_one_cm":353596,"minecraft:walk_one_cm":907620,"minecraft:damage_blocked_by_shield":2489,"minecraft:drop":40,"minecraft:talked_to_villager":2,"minecraft:play_time":248027,"minecraft:sneak_time":5761,"minecraft:deaths":2,"minecraft:walk_under_water_one_cm":42160,"minecraft:boat_one_cm":30858,"minecraft:jump":4097,"minecraft:walk_on_water_one_cm":43238,"minecraft:total_world_time":248027,"minecraft:interact_with_furnace":90,"minecraft:sleep_in_bed":12,"minecraft:time_since_rest":8732,"minecraft:damage_taken":3562,"minecraft:damage_dealt":28185,"minecraft:player_kills":2,"minecraft:swim_one_cm":3138,"minecraft:fly_one_cm":367836,"minecraft:open_chest":51,"minecraft:crouch_one_cm":11280,"minecraft:fall_one_cm":90318},"minecraft:used":{"minecraft:diamond_hoe":930,"minecraft:chest":5,"minecraft:shield":124,"minecraft:iron_sword":23,"minecraft:rotten_flesh":45,"minecraft:torch":117,"minecraft:dirt":234,"minecraft:hopper":16,"minecraft:granite":2,"minecraft:furnace":7,"minecraft:cooked_beef":3,"minecraft:cobbled_deepslate":127,"minecraft:cooked_mutton":9,"minecraft:water_bucket":81,"minecraft:birch_planks":76,"minecraft:stone_pickaxe":90,"minecraft:oak_planks":198,"minecraft:wooden_pickaxe":19,"minecraft:birch_boat":1,"minecraft:diamond_axe":13,"minecraft:cobblestone_slab":3,"minecraft:white_wool":1,"minecraft:crafting_table":12,"minecraft:birch_sign":3,"minecraft:white_bed":4,"minecraft:diamond_pickaxe":1276,"minecraft:diamond_shovel":858,"minecraft:birch_slab":9,"minecraft:bread":5,"minecraft:iron_pickaxe":256,"minecraft:stone_axe":124,"minecraft:diamond_sword":514,"minecraft:cobblestone":141,"minecraft:cooked_porkchop":14,"minecraft:bucket":82,"minecraft:dandelion":1},"minecraft:dropped":{"minecraft:birch_planks":1,"minecraft:cooked_beef":1,"minecraft:glow_ink_sac":3,"minecraft:granite":6,"minecraft:coal":8,"minecraft:dirt":7,"minecraft:iron_pickaxe":1,"minecraft:stone_axe":1,"minecraft:cobbled_deepslate":64,"minecraft:raw_iron":16,"minecraft:rotten_flesh":10,"minecraft:cooked_mutton":1,"minecraft:oak_sapling":2},"minecraft:picked_up":{"minecraft:wooden_axe":1,"minecraft:crafting_table":8,"minecraft:wheat":6,"minecraft:diamond_sword":1,"minecraft:wooden_pickaxe":2,"minecraft:shield":2,"minecraft:cornflower":1,"minecraft:string":34,"minecraft:oak_trapdoor":8,"minecraft:raw_copper":47,"minecraft:iron_axe":2,"minecraft:iron_leggings":1,"minecraft:cobbled_deepslate":647,"minecraft:bucket":2,"minecraft:beef":7,"minecraft:cobblestone_slab":9,"minecraft:poppy":1,"minecraft:iron_pickaxe":3,"minecraft:chest":3,"minecraft:iron_boots":3,"minecraft:furnace":8,"minecraft:stick":10,"minecraft:raw_iron":94,"minecraft:torch":69,"minecraft:porkchop":14,"minecraft:pointed_dripstone":2,"minecraft:diorite":9,"minecraft:redstone":75,"minecraft:diamond_chestplate":1,"minecraft:stone_sword":1,"minecraft:rotten_flesh":94,"minecraft:arrow":27,"minecraft:hay_block":10,"minecraft:saddle":4,"minecraft:mutton":11,"minecraft:cobblestone":543,"minecraft:white_wool":7,"minecraft:oxeye_daisy":1,"minecraft:birch_log":20,"minecraft:feather":1,"minecraft:glow_ink_sac":3,"minecraft:birch_slab":6,"minecraft:andesite":95,"minecraft:leather":11,"minecraft:birch_planks":96,"minecraft:flint":3,"minecraft:tuff":112,"minecraft:oak_log":80,"minecraft:gunpowder":12,"minecraft:lapis_lazuli":117,"minecraft:dirt":591,"minecraft:cooked_mutton":6,"minecraft:bone":25,"minecraft:bow":3,"minecraft:wheat_seeds":20,"minecraft:stone_pickaxe":2,"minecraft:iron_ingot":8,"minecraft:iron_sword":1,"minecraft:oak_planks":28,"minecraft:cooked_porkchop":12,"minecraft:birch_boat":1,"minecraft:dandelion":4,"minecraft:gravel":18,"minecraft:white_bed":4,"minecraft:spider_eye":1,"minecraft:mossy_cobblestone":43,"minecraft:pumpkin_seeds":8,"minecraft:diamond":38,"minecraft:stone_axe":6,"minecraft:iron_helmet":2,"minecraft:granite":139,"minecraft:oak_sapling":6,"minecraft:coal":108,"minecraft:hopper":15,"minecraft:diamond_pickaxe":1,"minecraft:ender_pearl":1},"minecraft:crafted":{"minecraft:oak_planks":268,"minecraft:cobblestone_slab":6,"minecraft:diamond_hoe":1,"minecraft:birch_boat":1,"minecraft:birch_slab":12,"minecraft:furnace":2,"minecraft:diamond_shovel":1,"minecraft:cooked_mutton":7,"minecraft:hopper":3,"minecraft:diamond_helmet":1,"minecraft:iron_boots":1,"minecraft:stone_pickaxe":1,"minecraft:chest":5,"minecraft:diamond_boots":1,"minecraft:birch_sign":3,"minecraft:wheat":90,"minecraft:cooked_beef":4,"minecraft:diamond_sword":1,"minecraft:cooked_porkchop":14,"minecraft:diamond_axe":1,"minecraft:crafting_table":4,"minecraft:iron_helmet":1,"minecraft:wooden_pickaxe":1,"minecraft:iron_sword":1,"minecraft:birch_planks":128,"minecraft:stone_axe":1,"minecraft:bread":32,"minecraft:air":0,"minecraft:iron_chestplate":1,"minecraft:diamond_pickaxe":2,"minecraft:shield":1,"minecraft:stick":52,"minecraft:iron_ingot":61,"minecraft:iron_pickaxe":1,"minecraft:iron_leggings":1,"minecraft:white_bed":1,"minecraft:torch":60,"minecraft:diamond_chestplate":1},"minecraft:killed_by":{"minecraft:enderman":1,"minecraft:zombie":1},"minecraft:killed":{"minecraft:spider":7,"minecraft:skeleton":26,"minecraft:pig":6,"minecraft:bat":1,"minecraft:wandering_trader":1,"minecraft:creeper":2,"minecraft:sheep":7,"minecraft:zombie":120,"minecraft:cow":5}},"DataVersion":3953}