{"stats":{"minecraft:mined":{"minecraft:iron_ore":6,"minecraft:birch_log":6,"minecraft:crafting_table":1,"minecraft:granite":16,"minecraft:short_grass":1,"minecraft:oak_log":15,"minecraft:grass_block":4,"minecraft:coal_ore":14,"minecraft:dirt":3,"minecraft:stone":29,"minecraft:wall_torch":2,"minecraft:oak_leaves":4},"minecraft:custom":{"minecraft:time_since_rest":0,"minecraft:interact_with_furnace":13,"minecraft:sprint_one_cm":11834,"minecraft:damage_taken":80,"minecraft:walk_one_cm":50950,"minecraft:mob_kills":6,"minecraft:damage_dealt":540,"minecraft:interact_with_crafting_table":9,"minecraft:fly_one_cm":7441,"minecraft:crouch_one_cm":137,"minecraft:play_time":11366,"minecraft:sneak_time":79,"minecraft:jump":106,"minecraft:time_since_death":11366,"minecraft:sleep_in_bed":1,"minecraft:total_world_time":11366,"minecraft:fall_one_cm":4097},"minecraft:used":{"minecraft:stone_pickaxe":57,"minecraft:wooden_pickaxe":14,"minecraft:torch":1,"minecraft:stone_axe":21,"minecraft:dirt":2,"minecraft:crafting_table":2,"minecraft:furnace":2,"minecraft:white_bed":1,"minecraft:cooked_beef":1},"minecraft:picked_up":{"minecraft:birch_log":6,"minecraft:raw_iron":7,"minecraft:crafting_table":1,"minecraft:leather":3,"minecraft:torch":3,"minecraft:oak_log":15,"minecraft:dirt":7,"minecraft:granite":16,"minecraft:beef":6,"minecraft:mutton":4,"minecraft:coal":14,"minecraft:white_wool":3,"minecraft:cobblestone":34},"minecraft:crafted":{"minecraft:cooked_beef":2,"minecraft:oak_planks":40,"minecraft:crafting_table":1,"minecraft:stick":8,"minecraft:iron_ingot":1,"minecraft:wooden_pickaxe":1,"minecraft:stone_pickaxe":1,"minecraft:furnace":2,"minecraft:white_bed":1,"minecraft:torch":4,"minecraft:stone_axe":1,"minecraft:air":0},"minecraft:killed":{"minecraft:sheep":3,"minecraft:cow":3}},"DataVersion":3953}