{"stats":{"minecraft:mined":{"minecraft:deepslate_redstone_ore":3,"minecraft:diamond_ore":5,"minecraft:tuff":1,"minecraft:white_bed":1,"minecraft:deepslate_diamond_ore":15,"minecraft:sculk_vein":5,"minecraft:crafting_table":3,"minecraft:torch":11,"minecraft:granite":23,"minecraft:short_grass":1,"minecraft:grass_block":4,"minecraft:chest":1,"minecraft:lapis_ore":3,"minecraft:sculk":3,"minecraft:wall_torch":5,"minecraft:redstone_ore":4,"minecraft:furnace":4,"minecraft:birch_log":6,"minecraft:iron_ore":29,"minecraft:andesite":7,"minecraft:deepslate_lapis_ore":8,"minecraft:sculk_shrieker":1,"minecraft:coal_ore":14,"minecraft:oak_log":15,"minecraft:deepslate_iron_ore":33,"minecraft:gravel":2,"minecraft:dirt":5,"minecraft:stone":110,"minecraft:oak_leaves":4,"minecraft:deepslate":13},"minecraft:custom":{"minecraft:interact_with_furnace":50,"minecraft:mob_kills":25,"minecraft:interact_with_crafting_table":24,"minecraft:time_since_death":20076,"minecraft:sleep_in_bed":4,"minecraft:time_since_rest":20104,"minecraft:sprint_one_cm":34870,"minecraft:damage_taken":790,"minecraft:walk_one_cm":173632,"minecraft:damage_blocked_by_shield":848,"minecraft:drop":24,"minecraft:damage_dealt":4294,"minecraft:player_kills":1,"minecraft:fly_one_cm":50054,"minecraft:open_chest":5,"minecraft:crouch_one_cm":5045,"minecraft:play_time":47366,"minecraft:deaths":1,"minecraft:sneak_time":1590,"minecraft:walk_under_water_one_cm":67,"minecraft:jump":553,"minecraft:walk_on_water_one_cm":366,"minecraft:total_world_time":47366,"minecraft:fall_one_cm":15410},"minecraft:used":{"minecraft:cooked_mutton":3,"minecraft:stone_pickaxe":90,"minecraft:oak_planks":1,"minecraft:chest":2,"minecraft:wooden_pickaxe":19,"minecraft:shield":27,"minecraft:iron_sword":23,"minecraft:torch":23,"minecraft:dirt":2,"minecraft:crafting_table":4,"minecraft:white_bed":2,"minecraft:iron_pickaxe":182,"minecraft:stone_axe":30,"minecraft:diamond_sword":36,"minecraft:cobblestone":12,"minecraft:furnace":6,"minecraft:cooked_beef":3},"minecraft:dropped":{"minecraft:cooked_beef":1,"minecraft:raw_iron":16,"minecraft:rotten_flesh":2,"minecraft:coal":8,"minecraft:dirt":7},"minecraft:picked_up":{"minecraft:birch_log":12,"minecraft:wheat":6,"minecraft:crafting_table":3,"minecraft:andesite":19,"minecraft:leather":6,"minecraft:wooden_pickaxe":1,"minecraft:flint":2,"minecraft:tuff":1,"minecraft:oak_log":20,"minecraft:shield":1,"minecraft:string":15,"minecraft:lapis_lazuli":117,"minecraft:dirt":21,"minecraft:cooked_mutton":3,"minecraft:cobbled_deepslate":25,"minecraft:iron_ingot":1,"minecraft:beef":6,"minecraft:stone_pickaxe":1,"minecraft:iron_pickaxe":1,"minecraft:chest":1,"minecraft:iron_sword":1,"minecraft:oak_planks":21,"minecraft:iron_boots":1,"minecraft:furnace":4,"minecraft:stick":4,"minecraft:raw_iron":86,"minecraft:torch":21,"minecraft:gravel":2,"minecraft:white_bed":1,"minecraft:redstone":52,"minecraft:pumpkin_seeds":4,"minecraft:rotten_flesh":10,"minecraft:diamond":20,"minecraft:stone_axe":1,"minecraft:iron_helmet":1,"minecraft:granite":48,"minecraft:saddle":1,"minecraft:mutton":4,"minecraft:coal":25,"minecraft:white_wool":3,"minecraft:cobblestone":243},"minecraft:crafted":{"minecraft:cooked_beef":4,"minecraft:oak_planks":40,"minecraft:diamond_sword":1,"minecraft:crafting_table":1,"minecraft:wooden_pickaxe":1,"minecraft:iron_helmet":1,"minecraft:iron_sword":1,"minecraft:furnace":2,"minecraft:stone_axe":1,"minecraft:cooked_mutton":3,"minecraft:air":0,"minecraft:iron_chestplate":1,"minecraft:iron_boots":1,"minecraft:shield":1,"minecraft:stick":12,"minecraft:iron_ingot":35,"minecraft:iron_pickaxe":1,"minecraft:stone_pickaxe":1,"minecraft:chest":2,"minecraft:iron_leggings":1,"minecraft:white_bed":1,"minecraft:torch":4,"minecraft:diamond_chestplate":1},"minecraft:killed":{"minecraft:sheep":3,"minecraft:skeleton":4,"minecraft:zombie":14,"minecraft:cow":3},"minecraft:killed_by":{"minecraft:enderman":1}},"DataVersion":3953}