{"stats":{"minecraft:mined":{"minecraft:deepslate_redstone_ore":3,"minecraft:diamond_ore":5,"minecraft:tuff":97,"minecraft:white_bed":1,"minecraft:mossy_cobblestone":43,"minecraft:deepslate_diamond_ore":15,"minecraft:sculk_vein":5,"minecraft:glow_lichen":1,"minecraft:crafting_table":4,"minecraft:torch":16,"minecraft:granite":30,"minecraft:short_grass":1,"minecraft:grass_block":5,"minecraft:chest":2,"minecraft:cobblestone":129,"minecraft:lapis_ore":3,"minecraft:sculk":4,"minecraft:wall_torch":8,"minecraft:redstone_ore":4,"minecraft:furnace":4,"minecraft:birch_log":6,"minecraft:iron_ore":32,"minecraft:cobbled_deepslate":6,"minecraft:andesite":13,"minecraft:deepslate_lapis_ore":8,"minecraft:cobblestone_slab":2,"minecraft:sculk_shrieker":1,"minecraft:coal_ore":37,"minecraft:oak_log":15,"minecraft:deepslate_iron_ore":36,"minecraft:gravel":5,"minecraft:dirt":8,"minecraft:stone":138,"minecraft:oak_leaves":10,"minecraft:deepslate":421},"minecraft:broken":{"minecraft:iron_pickaxe":1},"minecraft:custom":{"minecraft:interact_with_furnace":79,"minecraft:mob_kills":53,"minecraft:interact_with_crafting_table":32,"minecraft:time_since_death":5149,"minecraft:sleep_in_bed":5,"minecraft:time_since_rest":5178,"minecraft:sprint_one_cm":86264,"minecraft:damage_taken":1519,"minecraft:walk_one_cm":342117,"minecraft:damage_blocked_by_shield":2258,"minecraft:drop":24,"minecraft:damage_dealt":9442,"minecraft:talked_to_villager":1,"minecraft:player_kills":1,"minecraft:fly_one_cm":93390,"minecraft:open_chest":16,"minecraft:crouch_one_cm":7781,"minecraft:play_time":95366,"minecraft:deaths":2,"minecraft:sneak_time":3833,"minecraft:walk_under_water_one_cm":982,"minecraft:jump":1185,"minecraft:walk_on_water_one_cm":1159,"minecraft:total_world_time":95366,"minecraft:fall_one_cm":28278},"minecraft:used":{"minecraft:cooked_mutton":3,"minecraft:stone_pickaxe":90,"minecraft:oak_planks":1,"minecraft:chest":2,"minecraft:wooden_pickaxe":19,"minecraft:shield":119,"minecraft:iron_sword":23,"minecraft:cobblestone_slab":3,"minecraft:rotten_flesh":10,"minecraft:torch":34,"minecraft:dirt":2,"minecraft:crafting_table":6,"minecraft:white_bed":2,"minecraft:diamond_pickaxe":682,"minecraft:bread":2,"minecraft:iron_pickaxe":256,"minecraft:stone_axe":33,"minecraft:diamond_sword":132,"minecraft:cobblestone":69,"minecraft:furnace":6,"minecraft:cooked_porkchop":2,"minecraft:bucket":2,"minecraft:cooked_beef":3,"minecraft:cobbled_deepslate":83},"minecraft:dropped":{"minecraft:cooked_beef":1,"minecraft:raw_iron":16,"minecraft:rotten_flesh":2,"minecraft:coal":8,"minecraft:dirt":7},"minecraft:picked_up":{"minecraft:birch_log":12,"minecraft:wheat":6,"minecraft:crafting_table":4,"minecraft:andesite":39,"minecraft:diamond_sword":1,"minecraft:leather":6,"minecraft:wooden_pickaxe":1,"minecraft:flint":3,"minecraft:tuff":97,"minecraft:oak_log":23,"minecraft:shield":2,"minecraft:gunpowder":12,"minecraft:string":31,"minecraft:lapis_lazuli":117,"minecraft:dirt":29,"minecraft:iron_axe":2,"minecraft:iron_leggings":1,"minecraft:cooked_mutton":3,"minecraft:bone":5,"minecraft:bow":2,"minecraft:wheat_seeds":2,"minecraft:cobbled_deepslate":444,"minecraft:bucket":2,"minecraft:iron_ingot":3,"minecraft:beef":6,"minecraft:stone_pickaxe":1,"minecraft:cobblestone_slab":9,"minecraft:iron_pickaxe":1,"minecraft:chest":2,"minecraft:iron_sword":1,"minecraft:oak_planks":27,"minecraft:iron_boots":2,"minecraft:furnace":4,"minecraft:stick":8,"minecraft:raw_iron":92,"minecraft:cooked_porkchop":12,"minecraft:torch":34,"minecraft:porkchop":14,"minecraft:gravel":13,"minecraft:white_bed":1,"minecraft:redstone":52,"minecraft:mossy_cobblestone":43,"minecraft:diamond_chestplate":1,"minecraft:arrow":6,"minecraft:pumpkin_seeds":8,"minecraft:rotten_flesh":38,"minecraft:diamond":27,"minecraft:stone_axe":4,"minecraft:iron_helmet":2,"minecraft:granite":66,"minecraft:saddle":4,"minecraft:hopper":2,"minecraft:diamond_pickaxe":1,"minecraft:mutton":4,"minecraft:coal":60,"minecraft:white_wool":3,"minecraft:cobblestone":409,"minecraft:ender_pearl":1},"minecraft:crafted":{"minecraft:cooked_beef":4,"minecraft:oak_planks":40,"minecraft:cobblestone_slab":6,"minecraft:diamond_sword":1,"minecraft:cooked_porkchop":14,"minecraft:crafting_table":2,"minecraft:wooden_pickaxe":1,"minecraft:iron_helmet":1,"minecraft:iron_sword":1,"minecraft:furnace":2,"minecraft:stone_axe":1,"minecraft:bread":2,"minecraft:cooked_mutton":3,"minecraft:air":0,"minecraft:hopper":2,"minecraft:iron_chestplate":1,"minecraft:iron_boots":1,"minecraft:diamond_pickaxe":1,"minecraft:shield":1,"minecraft:stick":16,"minecraft:iron_ingot":59,"minecraft:iron_pickaxe":1,"minecraft:stone_pickaxe":1,"minecraft:chest":2,"minecraft:iron_leggings":1,"minecraft:white_bed":1,"minecraft:torch":4,"minecraft:diamond_chestplate":1},"minecraft:killed_by":{"minecraft:zombie":1,"minecraft:enderman":1},"minecraft:killed":{"minecraft:pig":6,"minecraft:spider":2,"minecraft:wandering_trader":1,"minecraft:creeper":1,"minecraft:sheep":3,"minecraft:skeleton":8,"minecraft:zombie":28,"minecraft:cow":3}},"DataVersion":3953}