{"stats":{"minecraft:killed":{"minecraft:pig":4,"minecraft:salmon":6,"minecraft:iron_golem":1,"minecraft:sheep":7,"minecraft:zombie":3,"minecraft:chicken":5},"minecraft:picked_up":{"minecraft:netherite_boots":3,"minecraft:crafting_table":6,"minecraft:feather":6,"minecraft:chicken":5,"minecraft:cherry_planks":128,"minecraft:salmon":7,"minecraft:potion":1,"minecraft:gold_block":2,"minecraft:enchanted_book":2,"minecraft:oak_log":13,"minecraft:shield":3,"minecraft:netherite_leggings":5,"minecraft:dirt":40,"minecraft:apple":1,"minecraft:respawn_anchor":171,"minecraft:netherite_sword":3,"minecraft:iron_ingot":5,"minecraft:oak_boat":1,"minecraft:netherite_axe":3,"minecraft:glowstone_dust":5,"minecraft:enchanted_golden_apple":124,"minecraft:chest":1,"minecraft:furnace":2,"minecraft:egg":4,"minecraft:tipped_arrow":189,"minecraft:raw_iron":7,"minecraft:stone_brick_slab":1,"minecraft:torch":12,"minecraft:lava_bucket":4,"minecraft:porkchop":8,"minecraft:cherry_log":10,"minecraft:mossy_stone_brick_slab":1,"minecraft:rotten_flesh":7,"minecraft:diamond_chestplate":1,"minecraft:netherite_helmet":7,"minecraft:glowstone":64,"minecraft:totem_of_undying":9,"minecraft:baked_potato":1,"minecraft:netherite_chestplate":2,"minecraft:oak_sapling":4,"minecraft:obsidian":180,"minecraft:mutton":14,"minecraft:coal":25,"minecraft:white_wool":7,"minecraft:cobblestone":106,"minecraft:ender_pearl":48},"minecraft:used":{"minecraft:trident":1,"minecraft:water_bucket":1,"minecraft:netherite_sword":10,"minecraft:stone_sword":21,"minecraft:stone_pickaxe":118,"minecraft:ender_pearl":8,"minecraft:wooden_pickaxe":9,"minecraft:cooked_chicken":2,"minecraft:salmon":5,"minecraft:torch":9,"minecraft:mutton":14,"minecraft:netherite_leggings":2,"minecraft:crafting_table":5,"minecraft:netherite_helmet":1,"minecraft:apple":1,"minecraft:lava_bucket":1,"minecraft:iron_pickaxe":14,"minecraft:netherite_axe":2,"minecraft:stone_axe":32,"minecraft:cobblestone":34,"minecraft:porkchop":1,"minecraft:furnace":2,"minecraft:cooked_porkchop":1,"minecraft:bucket":1,"minecraft:oak_boat":1,"minecraft:enchanted_golden_apple":9},"minecraft:mined":{"minecraft:dark_oak_leaves":1,"minecraft:mossy_stone_brick_slab":1,"minecraft:stone_brick_slab":3,"minecraft:crafting_table":6,"minecraft:torch":2,"minecraft:short_grass":2,"minecraft:grass_block":2,"minecraft:chest":1,"minecraft:cobblestone":5,"minecraft:wall_torch":7,"minecraft:glowstone":1,"minecraft:furnace":2,"minecraft:iron_ore":7,"minecraft:birch_leaves":1,"minecraft:gold_block":2,"minecraft:coal_ore":25,"minecraft:oak_log":13,"minecraft:dirt":1,"minecraft:stone_bricks":1,"minecraft:stone":85,"minecraft:netherrack":1,"minecraft:oak_leaves":16},"minecraft:crafted":{"minecraft:oak_planks":32,"minecraft:cooked_porkchop":1,"minecraft:crafting_table":1,"minecraft:wooden_pickaxe":1,"minecraft:cooked_chicken":4,"minecraft:furnace":1,"minecraft:stone_axe":1,"minecraft:oak_boat":1,"minecraft:shield":1,"minecraft:stick":12,"minecraft:iron_ingot":4,"minecraft:iron_pickaxe":1,"minecraft:stone_pickaxe":1,"minecraft:stone_sword":1,"minecraft:torch":4},"minecraft:killed_by":{"minecraft:player":1},"minecraft:dropped":{"minecraft:enchanted_book":1,"minecraft:golden_boots":2,"minecraft:iron_ingot":5,"minecraft:furnace":1,"minecraft:stone_axe":1,"minecraft:porkchop":6,"minecraft:iron_nugget":28,"minecraft:stone_sword":1,"minecraft:cooked_chicken":2,"minecraft:oak_log":5,"minecraft:golden_pickaxe":1,"minecraft:crafting_table":2,"minecraft:obsidian":2,"minecraft:netherite_helmet":1,"minecraft:raw_iron":3,"minecraft:feather":6,"minecraft:cobblestone":40,"minecraft:rotten_flesh":3,"minecraft:oak_planks":8,"minecraft:mossy_stone_brick_slab":1,"minecraft:coal":22,"minecraft:netherite_leggings":1,"minecraft:flint_and_steel":1,"minecraft:flint":8,"minecraft:stick":2,"minecraft:gold_block":2,"minecraft:dirt":2,"minecraft:torch":4,"minecraft:netherite_boots":1,"minecraft:oak_sapling":1,"minecraft:oak_boat":1,"minecraft:cherry_planks":64,"minecraft:chest":1,"minecraft:golden_sword":2,"minecraft:potion":1,"minecraft:stone_pickaxe":1,"minecraft:wooden_pickaxe":1,"minecraft:iron_pickaxe":1,"minecraft:white_wool":7,"minecraft:stone_brick_slab":1},"minecraft:custom":{"minecraft:interact_with_furnace":12,"minecraft:interact_with_anvil":12,"minecraft:mob_kills":27,"minecraft:interact_with_crafting_table":18,"minecraft:leave_game":6,"minecraft:time_since_death":2438,"minecraft:damage_resisted":477,"minecraft:time_since_rest":2463,"minecraft:sprint_one_cm":103625,"minecraft:damage_absorbed":958,"minecraft:damage_taken":2197,"minecraft:walk_one_cm":106370,"minecraft:drop":47,"minecraft:damage_dealt":2799,"minecraft:swim_one_cm":41986,"minecraft:fly_one_cm":110202,"minecraft:open_chest":4,"minecraft:crouch_one_cm":279,"minecraft:play_time":69966,"minecraft:deaths":4,"minecraft:sneak_time":73,"minecraft:walk_under_water_one_cm":26705,"minecraft:boat_one_cm":208823,"minecraft:jump":949,"minecraft:total_world_time":69966,"minecraft:walk_on_water_one_cm":42215,"minecraft:fall_one_cm":25558}},"DataVersion":3953}