{"stats":{"minecraft:mined":{"minecraft:oak_log":8,"minecraft:stone":9,"minecraft:birch_leaves":1,"minecraft:oak_leaves":15,"minecraft:crafting_table":2},"minecraft:custom":{"minecraft:time_since_rest":5770,"minecraft:play_time":5770,"minecraft:damage_taken":80,"minecraft:walk_one_cm":7306,"minecraft:walk_under_water_one_cm":4090,"minecraft:mob_kills":3,"minecraft:jump":37,"minecraft:damage_dealt":90,"minecraft:walk_on_water_one_cm":962,"minecraft:time_since_death":5770,"minecraft:total_world_time":5770,"minecraft:swim_one_cm":3753,"minecraft:fall_one_cm":2453,"minecraft:interact_with_crafting_table":5,"minecraft:fly_one_cm":54},"minecraft:used":{"minecraft:stone_axe":1,"minecraft:salmon":2,"minecraft:stone_sword":3,"minecraft:crafting_table":1,"minecraft:wooden_pickaxe":9},"minecraft:picked_up":{"minecraft:crafting_table":2,"minecraft:salmon":2,"minecraft:oak_log":8,"minecraft:oak_sapling":1,"minecraft:cobblestone":9},"minecraft:crafted":{"minecraft:stone_sword":1,"minecraft:oak_planks":32,"minecraft:crafting_table":1,"minecraft:stone_axe":1,"minecraft:stick":8,"minecraft:wooden_pickaxe":1,"minecraft:stone_pickaxe":1},"minecraft:killed":{"minecraft:salmon":3}},"DataVersion":3953}