{"stats":{"minecraft:picked_up":{"minecraft:crafting_table":6,"minecraft:raw_iron":5,"minecraft:feather":6,"minecraft:chicken":5,"minecraft:salmon":5,"minecraft:stone_brick_slab":1,"minecraft:torch":9,"minecraft:gold_block":1,"minecraft:porkchop":8,"minecraft:oak_log":13,"minecraft:mossy_stone_brick_slab":1,"minecraft:dirt":2,"minecraft:oak_sapling":1,"minecraft:chest":1,"minecraft:mutton":14,"minecraft:coal":25,"minecraft:white_wool":7,"minecraft:cobblestone":90,"minecraft:furnace":2,"minecraft:egg":4},"minecraft:killed":{"minecraft:sheep":7,"minecraft:pig":4,"minecraft:chicken":5,"minecraft:salmon":6},"minecraft:used":{"minecraft:stone_sword":12,"minecraft:stone_pickaxe":118,"minecraft:iron_pickaxe":11,"minecraft:wooden_pickaxe":9,"minecraft:torch":9,"minecraft:stone_axe":27,"minecraft:salmon":5,"minecraft:cobblestone":34,"minecraft:mutton":11,"minecraft:crafting_table":5,"minecraft:furnace":2,"minecraft:cooked_porkchop":1,"minecraft:oak_boat":1},"minecraft:mined":{"minecraft:furnace":2,"minecraft:mossy_stone_brick_slab":1,"minecraft:iron_ore":5,"minecraft:stone_brick_slab":3,"minecraft:birch_leaves":1,"minecraft:gold_block":1,"minecraft:torch":2,"minecraft:crafting_table":6,"minecraft:grass_block":2,"minecraft:oak_log":13,"minecraft:coal_ore":25,"minecraft:chest":1,"minecraft:dirt":1,"minecraft:cobblestone":5,"minecraft:stone_bricks":1,"minecraft:stone":85,"minecraft:netherrack":1,"minecraft:oak_leaves":15,"minecraft:wall_torch":7},"minecraft:crafted":{"minecraft:oak_boat":1,"minecraft:oak_planks":32,"minecraft:cooked_porkchop":1,"minecraft:shield":1,"minecraft:crafting_table":1,"minecraft:stick":12,"minecraft:wooden_pickaxe":1,"minecraft:iron_ingot":4,"minecraft:iron_pickaxe":1,"minecraft:stone_pickaxe":1,"minecraft:stone_sword":1,"minecraft:furnace":1,"minecraft:torch":4,"minecraft:stone_axe":1},"minecraft:custom":{"minecraft:time_since_rest":34538,"minecraft:interact_with_furnace":6,"minecraft:sprint_one_cm":66118,"minecraft:damage_taken":360,"minecraft:walk_one_cm":67802,"minecraft:mob_kills":22,"minecraft:damage_dealt":1340,"minecraft:swim_one_cm":18112,"minecraft:interact_with_crafting_table":17,"minecraft:fly_one_cm":69960,"minecraft:open_chest":1,"minecraft:play_time":34538,"minecraft:sneak_time":11,"minecraft:walk_under_water_one_cm":12473,"minecraft:boat_one_cm":50228,"minecraft:jump":589,"minecraft:time_since_death":34538,"minecraft:walk_on_water_one_cm":13656,"minecraft:total_world_time":34538,"minecraft:fall_one_cm":12356}},"DataVersion":3953}