{"stats":{"minecraft:mined":{"minecraft:iron_ore":4,"minecraft:birch_leaves":1,"minecraft:torch":2,"minecraft:crafting_table":2,"minecraft:oak_log":13,"minecraft:grass_block":2,"minecraft:coal_ore":21,"minecraft:dirt":1,"minecraft:cobblestone":1,"minecraft:stone":85,"minecraft:oak_leaves":15,"minecraft:wall_torch":6},"minecraft:custom":{"minecraft:time_since_rest":17770,"minecraft:sprint_one_cm":8933,"minecraft:damage_taken":295,"minecraft:walk_one_cm":27140,"minecraft:mob_kills":8,"minecraft:damage_dealt":340,"minecraft:swim_one_cm":18112,"minecraft:interact_with_crafting_table":5,"minecraft:fly_one_cm":3135,"minecraft:play_time":17770,"minecraft:sneak_time":11,"minecraft:walk_under_water_one_cm":12286,"minecraft:jump":219,"minecraft:time_since_death":17770,"minecraft:walk_on_water_one_cm":11904,"minecraft:total_world_time":17770,"minecraft:fall_one_cm":3693},"minecraft:used":{"minecraft:stone_sword":10,"minecraft:stone_pickaxe":111,"minecraft:wooden_pickaxe":9,"minecraft:torch":8,"minecraft:stone_axe":6,"minecraft:salmon":5,"minecraft:cobblestone":15,"minecraft:mutton":4,"minecraft:crafting_table":1},"minecraft:picked_up":{"minecraft:raw_iron":4,"minecraft:crafting_table":2,"minecraft:salmon":5,"minecraft:torch":8,"minecraft:oak_log":13,"minecraft:dirt":2,"minecraft:oak_sapling":1,"minecraft:mutton":4,"minecraft:coal":21,"minecraft:white_wool":2,"minecraft:cobblestone":86},"minecraft:crafted":{"minecraft:oak_planks":32,"minecraft:crafting_table":1,"minecraft:stick":8,"minecraft:wooden_pickaxe":1,"minecraft:stone_pickaxe":1,"minecraft:stone_sword":1,"minecraft:torch":4,"minecraft:stone_axe":1},"minecraft:killed":{"minecraft:sheep":2,"minecraft:salmon":6}},"DataVersion":3953}