{"stats":{"minecraft:killed":{"minecraft:pig":4,"minecraft:salmon":6,"minecraft:iron_golem":1,"minecraft:sheep":7,"minecraft:zombie":2,"minecraft:chicken":5},"minecraft:picked_up":{"minecraft:crafting_table":6,"minecraft:feather":6,"minecraft:chicken":5,"minecraft:cherry_planks":128,"minecraft:salmon":5,"minecraft:potion":1,"minecraft:gold_block":2,"minecraft:enchanted_book":2,"minecraft:oak_log":13,"minecraft:dirt":11,"minecraft:apple":1,"minecraft:iron_ingot":5,"minecraft:oak_boat":1,"minecraft:chest":1,"minecraft:furnace":2,"minecraft:egg":4,"minecraft:raw_iron":7,"minecraft:stone_brick_slab":1,"minecraft:torch":9,"minecraft:porkchop":8,"minecraft:cherry_log":10,"minecraft:mossy_stone_brick_slab":1,"minecraft:rotten_flesh":3,"minecraft:diamond_chestplate":1,"minecraft:oak_sapling":2,"minecraft:mutton":14,"minecraft:coal":25,"minecraft:white_wool":7,"minecraft:cobblestone":90},"minecraft:used":{"minecraft:trident":1,"minecraft:netherite_sword":10,"minecraft:stone_sword":21,"minecraft:stone_pickaxe":118,"minecraft:wooden_pickaxe":9,"minecraft:cooked_chicken":2,"minecraft:salmon":5,"minecraft:torch":9,"minecraft:mutton":14,"minecraft:crafting_table":5,"minecraft:iron_pickaxe":14,"minecraft:stone_axe":32,"minecraft:cobblestone":34,"minecraft:furnace":2,"minecraft:porkchop":1,"minecraft:cooked_porkchop":1,"minecraft:oak_boat":1,"minecraft:enchanted_golden_apple":1},"minecraft:mined":{"minecraft:dark_oak_leaves":1,"minecraft:mossy_stone_brick_slab":1,"minecraft:stone_brick_slab":3,"minecraft:crafting_table":6,"minecraft:torch":2,"minecraft:short_grass":2,"minecraft:grass_block":2,"minecraft:chest":1,"minecraft:cobblestone":5,"minecraft:wall_torch":7,"minecraft:furnace":2,"minecraft:iron_ore":7,"minecraft:birch_leaves":1,"minecraft:gold_block":2,"minecraft:oak_log":13,"minecraft:coal_ore":25,"minecraft:dirt":1,"minecraft:stone_bricks":1,"minecraft:stone":85,"minecraft:netherrack":1,"minecraft:oak_leaves":16},"minecraft:crafted":{"minecraft:oak_planks":32,"minecraft:cooked_porkchop":1,"minecraft:crafting_table":1,"minecraft:wooden_pickaxe":1,"minecraft:cooked_chicken":4,"minecraft:furnace":1,"minecraft:stone_axe":1,"minecraft:oak_boat":1,"minecraft:shield":1,"minecraft:stick":12,"minecraft:iron_ingot":4,"minecraft:iron_pickaxe":1,"minecraft:stone_pickaxe":1,"minecraft:stone_sword":1,"minecraft:torch":4},"minecraft:dropped":{"minecraft:enchanted_book":1,"minecraft:golden_boots":2,"minecraft:iron_ingot":5,"minecraft:furnace":1,"minecraft:stone_axe":1,"minecraft:porkchop":6,"minecraft:iron_nugget":28,"minecraft:stone_sword":1,"minecraft:cooked_chicken":2,"minecraft:oak_log":5,"minecraft:golden_pickaxe":1,"minecraft:crafting_table":2,"minecraft:obsidian":2,"minecraft:raw_iron":3,"minecraft:feather":6,"minecraft:cobblestone":40,"minecraft:rotten_flesh":3,"minecraft:oak_planks":8,"minecraft:mossy_stone_brick_slab":1,"minecraft:coal":22,"minecraft:flint_and_steel":1,"minecraft:flint":8,"minecraft:stick":2,"minecraft:gold_block":2,"minecraft:dirt":2,"minecraft:torch":4,"minecraft:oak_sapling":1,"minecraft:oak_boat":1,"minecraft:cherry_planks":64,"minecraft:chest":1,"minecraft:golden_sword":2,"minecraft:potion":1,"minecraft:wooden_pickaxe":1,"minecraft:stone_pickaxe":1,"minecraft:iron_pickaxe":1,"minecraft:white_wool":7,"minecraft:stone_brick_slab":1},"minecraft:custom":{"minecraft:interact_with_furnace":12,"minecraft:interact_with_anvil":12,"minecraft:mob_kills":26,"minecraft:interact_with_crafting_table":18,"minecraft:leave_game":3,"minecraft:time_since_death":1069,"minecraft:damage_resisted":56,"minecraft:time_since_rest":1281,"minecraft:sprint_one_cm":102365,"minecraft:damage_absorbed":160,"minecraft:damage_taken":840,"minecraft:walk_one_cm":102592,"minecraft:drop":44,"minecraft:damage_dealt":2599,"minecraft:swim_one_cm":23862,"minecraft:fly_one_cm":104052,"minecraft:open_chest":4,"minecraft:crouch_one_cm":279,"minecraft:play_time":61886,"minecraft:deaths":2,"minecraft:sneak_time":53,"minecraft:walk_under_water_one_cm":17129,"minecraft:boat_one_cm":208823,"minecraft:jump":879,"minecraft:walk_on_water_one_cm":17638,"minecraft:total_world_time":61886,"minecraft:fall_one_cm":19122}},"DataVersion":3953}