{"stats":{"minecraft:picked_up":{"minecraft:crafting_table":6,"minecraft:raw_iron":7,"minecraft:feather":6,"minecraft:chicken":5,"minecraft:salmon":5,"minecraft:stone_brick_slab":1,"minecraft:torch":9,"minecraft:gold_block":2,"minecraft:porkchop":8,"minecraft:oak_log":13,"minecraft:mossy_stone_brick_slab":1,"minecraft:dirt":2,"minecraft:rotten_flesh":3,"minecraft:oak_boat":1,"minecraft:oak_sapling":1,"minecraft:chest":1,"minecraft:mutton":14,"minecraft:coal":25,"minecraft:white_wool":7,"minecraft:cobblestone":90,"minecraft:furnace":2,"minecraft:egg":4},"minecraft:killed":{"minecraft:sheep":7,"minecraft:zombie":2,"minecraft:pig":4,"minecraft:chicken":5,"minecraft:salmon":6},"minecraft:used":{"minecraft:stone_sword":16,"minecraft:stone_pickaxe":118,"minecraft:iron_pickaxe":14,"minecraft:wooden_pickaxe":9,"minecraft:torch":9,"minecraft:stone_axe":32,"minecraft:salmon":5,"minecraft:cobblestone":34,"minecraft:mutton":14,"minecraft:crafting_table":5,"minecraft:porkchop":1,"minecraft:furnace":2,"minecraft:cooked_porkchop":1,"minecraft:oak_boat":1},"minecraft:mined":{"minecraft:furnace":2,"minecraft:dark_oak_leaves":1,"minecraft:mossy_stone_brick_slab":1,"minecraft:iron_ore":7,"minecraft:stone_brick_slab":3,"minecraft:birch_leaves":1,"minecraft:gold_block":2,"minecraft:torch":2,"minecraft:crafting_table":6,"minecraft:short_grass":1,"minecraft:grass_block":2,"minecraft:oak_log":13,"minecraft:coal_ore":25,"minecraft:chest":1,"minecraft:dirt":1,"minecraft:cobblestone":5,"minecraft:stone_bricks":1,"minecraft:stone":85,"minecraft:netherrack":1,"minecraft:oak_leaves":16,"minecraft:wall_torch":7},"minecraft:crafted":{"minecraft:oak_boat":1,"minecraft:oak_planks":32,"minecraft:cooked_porkchop":1,"minecraft:shield":1,"minecraft:crafting_table":1,"minecraft:stick":12,"minecraft:wooden_pickaxe":1,"minecraft:iron_ingot":4,"minecraft:iron_pickaxe":1,"minecraft:stone_pickaxe":1,"minecraft:stone_sword":1,"minecraft:furnace":1,"minecraft:torch":4,"minecraft:stone_axe":1},"minecraft:custom":{"minecraft:time_since_rest":46538,"minecraft:interact_with_furnace":8,"minecraft:sprint_one_cm":91923,"minecraft:damage_taken":444,"minecraft:walk_one_cm":84837,"minecraft:mob_kills":24,"minecraft:damage_dealt":1789,"minecraft:swim_one_cm":18112,"minecraft:interact_with_crafting_table":17,"minecraft:fly_one_cm":75760,"minecraft:open_chest":3,"minecraft:play_time":46538,"minecraft:sneak_time":16,"minecraft:walk_under_water_one_cm":14085,"minecraft:boat_one_cm":208823,"minecraft:jump":709,"minecraft:time_since_death":46538,"minecraft:walk_on_water_one_cm":17590,"minecraft:total_world_time":46538,"minecraft:fall_one_cm":13668}},"DataVersion":3953}