{"stats":{"minecraft:mined":{"minecraft:white_bed":8,"minecraft:deepslate_diamond_ore":5,"minecraft:granite":38,"minecraft:grass_block":62,"minecraft:spruce_leaves":4,"minecraft:redstone_ore":3,"minecraft:sculk_catalyst":1,"minecraft:furnace":10,"minecraft:iron_ore":25,"minecraft:cobbled_deepslate":40,"minecraft:andesite":26,"minecraft:pointed_dripstone":2,"minecraft:deepslate_iron_ore":20,"minecraft:stripped_oak_log":1,"minecraft:stone":625,"minecraft:deepslate_redstone_ore":5,"minecraft:lily_of_the_valley":1,"minecraft:crafting_table":24,"minecraft:short_grass":35,"minecraft:chest":1,"minecraft:copper_ore":10,"minecraft:cobblestone":94,"minecraft:oak_planks":8,"minecraft:diorite":31,"minecraft:wall_torch":1,"minecraft:birch_log":19,"minecraft:birch_leaves":5,"minecraft:oak_log":106,"minecraft:coal_ore":76,"minecraft:gravel":4,"minecraft:dripstone_block":1,"minecraft:dirt":197,"minecraft:oak_leaves":43,"minecraft:deepslate":109},"minecraft:broken":{"minecraft:stone_pickaxe":2,"minecraft:iron_pickaxe":1},"minecraft:custom":{"minecraft:mob_kills":40,"minecraft:interact_with_crafting_table":60,"minecraft:leave_game":5,"minecraft:time_since_death":31398,"minecraft:sprint_one_cm":322434,"minecraft:walk_one_cm":584361,"minecraft:drop":22,"minecraft:play_time":218144,"minecraft:deaths":13,"minecraft:sneak_time":8879,"minecraft:walk_under_water_one_cm":32127,"minecraft:jump":2834,"minecraft:walk_on_water_one_cm":27422,"minecraft:total_world_time":218144,"minecraft:interact_with_furnace":70,"minecraft:sleep_in_bed":5,"minecraft:time_since_rest":5016,"minecraft:damage_taken":5211,"minecraft:damage_dealt":4384,"minecraft:swim_one_cm":4874,"minecraft:fly_one_cm":126929,"minecraft:open_chest":7,"minecraft:crouch_one_cm":11865,"minecraft:fall_one_cm":81004},"minecraft:used":{"minecraft:stone_sword":21,"minecraft:stone_shovel":162,"minecraft:cooked_salmon":2,"minecraft:cooked_chicken":2,"minecraft:rotten_flesh":12,"minecraft:iron_chestplate":1,"minecraft:torch":17,"minecraft:dirt":96,"minecraft:mutton":3,"minecraft:lily_of_the_valley":1,"minecraft:wooden_axe":46,"minecraft:iron_axe":31,"minecraft:iron_helmet":1,"minecraft:iron_boots":1,"minecraft:furnace":11,"minecraft:cooked_beef":3,"minecraft:cobbled_deepslate":50,"minecraft:iron_leggings":1,"minecraft:cooked_mutton":6,"minecraft:stone_pickaxe":571,"minecraft:oak_planks":106,"minecraft:wooden_pickaxe":96,"minecraft:crafting_table":27,"minecraft:white_bed":7,"minecraft:iron_pickaxe":494,"minecraft:stone_axe":216,"minecraft:cobblestone":259,"minecraft:cooked_porkchop":3,"minecraft:porkchop":2,"minecraft:andesite":24},"minecraft:dropped":{"minecraft:crafting_table":1,"minecraft:feather":2,"minecraft:diorite":9,"minecraft:wooden_axe":1,"minecraft:bone_meal":1,"minecraft:string":6,"minecraft:white_wool":1,"minecraft:gravel":12,"minecraft:stone_axe":4,"minecraft:stone_sword":1,"minecraft:pointed_dripstone":4,"minecraft:white_bed":1,"minecraft:salmon":3,"minecraft:spider_eye":1,"minecraft:wooden_pickaxe":1,"minecraft:stone_pickaxe":1},"minecraft:picked_up":{"minecraft:wooden_axe":2,"minecraft:crafting_table":26,"minecraft:chicken":5,"minecraft:wooden_pickaxe":3,"minecraft:string":10,"minecraft:iron_axe":1,"minecraft:raw_copper":50,"minecraft:cobbled_deepslate":244,"minecraft:beef":6,"minecraft:iron_pickaxe":2,"minecraft:chest":1,"minecraft:egg":1,"minecraft:furnace":11,"minecraft:stick":3,"minecraft:raw_iron":45,"minecraft:torch":5,"minecraft:porkchop":18,"minecraft:pointed_dripstone":6,"minecraft:diorite":49,"minecraft:redstone":59,"minecraft:rotten_flesh":18,"minecraft:arrow":5,"minecraft:stone_sword":3,"minecraft:stone_shovel":1,"minecraft:mutton":13,"minecraft:white_wool":9,"minecraft:cobblestone":788,"minecraft:stripped_oak_log":1,"minecraft:birch_log":19,"minecraft:feather":8,"minecraft:andesite":87,"minecraft:salmon":9,"minecraft:brown_wool":1,"minecraft:leather":5,"minecraft:flint":2,"minecraft:oak_log":105,"minecraft:dirt":346,"minecraft:cooked_mutton":3,"minecraft:bone":1,"minecraft:bow":1,"minecraft:wheat_seeds":9,"minecraft:stone_pickaxe":3,"minecraft:iron_ingot":4,"minecraft:oak_planks":47,"minecraft:cooked_porkchop":1,"minecraft:gravel":17,"minecraft:dripstone_block":1,"minecraft:white_bed":9,"minecraft:lily_of_the_valley":1,"minecraft:spider_eye":1,"minecraft:diamond":10,"minecraft:stone_axe":6,"minecraft:granite":116,"minecraft:bone_meal":2,"minecraft:oak_sapling":10,"minecraft:coal":163},"minecraft:crafted":{"minecraft:oak_planks":264,"minecraft:stone_shovel":4,"minecraft:cooked_chicken":2,"minecraft:furnace":6,"minecraft:cooked_mutton":8,"minecraft:iron_boots":1,"minecraft:iron_axe":1,"minecraft:stone_pickaxe":10,"minecraft:cooked_beef":6,"minecraft:cooked_porkchop":8,"minecraft:crafting_table":10,"minecraft:wooden_pickaxe":7,"minecraft:iron_helmet":1,"minecraft:cooked_salmon":3,"minecraft:birch_planks":68,"minecraft:stone_axe":7,"minecraft:iron_chestplate":1,"minecraft:shield":2,"minecraft:stick":108,"minecraft:iron_ingot":34,"minecraft:iron_pickaxe":2,"minecraft:wooden_axe":2,"minecraft:stone_sword":3,"minecraft:iron_shovel":1,"minecraft:white_bed":2,"minecraft:torch":20},"minecraft:killed":{"minecraft:spider":2,"minecraft:skeleton":3,"minecraft:chicken":5,"minecraft:pig":10,"minecraft:salmon":3,"minecraft:sheep":8,"minecraft:zombie":5,"minecraft:cow":3},"minecraft:killed_by":{"minecraft:player":1,"minecraft:spider":1,"minecraft:skeleton":3,"minecraft:zombie":1}},"DataVersion":3953}