{"stats":{"minecraft:mined":{"minecraft:deepslate_redstone_ore":5,"minecraft:white_bed":5,"minecraft:deepslate_diamond_ore":5,"minecraft:crafting_table":9,"minecraft:granite":15,"minecraft:short_grass":13,"minecraft:grass_block":32,"minecraft:chest":1,"minecraft:copper_ore":3,"minecraft:cobblestone":93,"minecraft:oak_planks":5,"minecraft:diorite":7,"minecraft:wall_torch":1,"minecraft:sculk_catalyst":1,"minecraft:furnace":3,"minecraft:iron_ore":6,"minecraft:cobbled_deepslate":40,"minecraft:andesite":3,"minecraft:birch_leaves":2,"minecraft:pointed_dripstone":2,"minecraft:oak_log":37,"minecraft:coal_ore":33,"minecraft:deepslate_iron_ore":3,"minecraft:dirt":56,"minecraft:stone":198,"minecraft:oak_leaves":21,"minecraft:deepslate":54},"minecraft:custom":{"minecraft:interact_with_furnace":14,"minecraft:mob_kills":18,"minecraft:interact_with_crafting_table":16,"minecraft:leave_game":2,"minecraft:time_since_death":11398,"minecraft:sleep_in_bed":3,"minecraft:time_since_rest":11434,"minecraft:sprint_one_cm":137830,"minecraft:damage_taken":2016,"minecraft:walk_one_cm":292664,"minecraft:drop":20,"minecraft:damage_dealt":2031,"minecraft:swim_one_cm":4874,"minecraft:fly_one_cm":58180,"minecraft:open_chest":1,"minecraft:play_time":113311,"minecraft:crouch_one_cm":9068,"minecraft:sneak_time":6674,"minecraft:deaths":4,"minecraft:walk_under_water_one_cm":20680,"minecraft:jump":1687,"minecraft:walk_on_water_one_cm":17655,"minecraft:total_world_time":113311,"minecraft:fall_one_cm":40192},"minecraft:broken":{"minecraft:stone_pickaxe":1},"minecraft:used":{"minecraft:cooked_mutton":5,"minecraft:stone_sword":21,"minecraft:stone_shovel":42,"minecraft:stone_pickaxe":230,"minecraft:oak_planks":61,"minecraft:wooden_pickaxe":23,"minecraft:cooked_chicken":1,"minecraft:rotten_flesh":9,"minecraft:torch":14,"minecraft:dirt":57,"minecraft:mutton":3,"minecraft:crafting_table":11,"minecraft:white_bed":4,"minecraft:wooden_axe":22,"minecraft:iron_axe":24,"minecraft:iron_pickaxe":224,"minecraft:stone_axe":83,"minecraft:cobblestone":216,"minecraft:furnace":3,"minecraft:andesite":19,"minecraft:cooked_beef":3,"minecraft:cobbled_deepslate":50},"minecraft:dropped":{"minecraft:stone_axe":3,"minecraft:stone_sword":1,"minecraft:crafting_table":1,"minecraft:pointed_dripstone":4,"minecraft:feather":2,"minecraft:white_bed":1,"minecraft:salmon":3,"minecraft:diorite":9,"minecraft:wooden_axe":1,"minecraft:spider_eye":1,"minecraft:bone_meal":1,"minecraft:stone_pickaxe":1,"minecraft:wooden_pickaxe":1,"minecraft:string":6,"minecraft:white_wool":1},"minecraft:picked_up":{"minecraft:wooden_axe":2,"minecraft:crafting_table":11,"minecraft:feather":4,"minecraft:chicken":1,"minecraft:salmon":9,"minecraft:andesite":64,"minecraft:leather":4,"minecraft:wooden_pickaxe":3,"minecraft:flint":1,"minecraft:oak_log":37,"minecraft:iron_axe":1,"minecraft:dirt":173,"minecraft:string":10,"minecraft:raw_copper":26,"minecraft:cooked_mutton":3,"minecraft:wheat_seeds":5,"minecraft:cobbled_deepslate":184,"minecraft:stone_pickaxe":3,"minecraft:iron_ingot":4,"minecraft:beef":3,"minecraft:iron_pickaxe":2,"minecraft:chest":1,"minecraft:oak_planks":7,"minecraft:furnace":4,"minecraft:stick":3,"minecraft:raw_iron":9,"minecraft:torch":5,"minecraft:gravel":14,"minecraft:pointed_dripstone":6,"minecraft:diorite":25,"minecraft:white_bed":6,"minecraft:redstone":46,"minecraft:spider_eye":1,"minecraft:stone_sword":3,"minecraft:rotten_flesh":14,"minecraft:arrow":4,"minecraft:stone_shovel":1,"minecraft:diamond":10,"minecraft:stone_axe":5,"minecraft:granite":94,"minecraft:bone_meal":2,"minecraft:oak_sapling":10,"minecraft:mutton":7,"minecraft:coal":103,"minecraft:white_wool":6,"minecraft:cobblestone":356},"minecraft:crafted":{"minecraft:cooked_beef":3,"minecraft:oak_planks":116,"minecraft:stone_shovel":1,"minecraft:crafting_table":4,"minecraft:wooden_pickaxe":2,"minecraft:cooked_chicken":1,"minecraft:furnace":1,"minecraft:stone_axe":2,"minecraft:cooked_mutton":2,"minecraft:stick":28,"minecraft:iron_ingot":7,"minecraft:iron_pickaxe":1,"minecraft:stone_pickaxe":3,"minecraft:wooden_axe":1,"minecraft:stone_sword":2,"minecraft:white_bed":1,"minecraft:torch":16},"minecraft:killed":{"minecraft:salmon":3,"minecraft:spider":2,"minecraft:skeleton":2,"minecraft:sheep":4,"minecraft:zombie":4,"minecraft:chicken":1,"minecraft:cow":2},"minecraft:killed_by":{"minecraft:player":1,"minecraft:skeleton":2}},"DataVersion":3953}