{"stats":{"minecraft:killed":{"minecraft:spider":2,"minecraft:skeleton":3,"minecraft:chicken":8,"minecraft:pig":16,"minecraft:salmon":3,"minecraft:sheep":10,"minecraft:zombie":6,"minecraft:cow":5},"minecraft:picked_up":{"minecraft:wooden_axe":2,"minecraft:crafting_table":28,"minecraft:chicken":8,"minecraft:smithing_table":1,"minecraft:wooden_pickaxe":4,"minecraft:oak_stairs":5,"minecraft:chain":1,"minecraft:golden_sword":1,"minecraft:string":12,"minecraft:raw_copper":50,"minecraft:iron_axe":3,"minecraft:cobbled_deepslate":245,"minecraft:beef":11,"minecraft:oak_boat":2,"minecraft:iron_pickaxe":3,"minecraft:sugar_cane":2,"minecraft:chest":2,"minecraft:furnace":13,"minecraft:egg":17,"minecraft:stick":14,"minecraft:raw_iron":45,"minecraft:oak_fence":2,"minecraft:torch":6,"minecraft:porkchop":31,"minecraft:polished_blackstone_bricks":2,"minecraft:cherry_log":480,"minecraft:pointed_dripstone":6,"minecraft:diorite":49,"minecraft:redstone":59,"minecraft:stone_sword":3,"minecraft:arrow":5,"minecraft:stone_shovel":1,"minecraft:rotten_flesh":73,"minecraft:hay_block":9,"minecraft:obsidian":18,"minecraft:mutton":17,"minecraft:cobblestone":798,"minecraft:white_wool":12,"minecraft:stripped_oak_log":4,"minecraft:oxeye_daisy":2,"minecraft:birch_log":19,"minecraft:pink_petals":27,"minecraft:feather":12,"minecraft:andesite":87,"minecraft:salmon":9,"minecraft:brown_wool":1,"minecraft:leather":16,"minecraft:potato":65,"minecraft:birch_planks":3,"minecraft:flint":2,"minecraft:oak_log":355,"minecraft:golden_boots":1,"minecraft:yellow_bed":2,"minecraft:lapis_lazuli":64,"minecraft:dirt":576,"minecraft:cooked_mutton":4,"minecraft:bone":2,"minecraft:bow":3,"minecraft:wheat_seeds":114,"minecraft:iron_ingot":6,"minecraft:stone_pickaxe":3,"minecraft:iron_sword":1,"minecraft:oak_planks":58,"minecraft:cooked_porkchop":1,"minecraft:dripstone_block":1,"minecraft:gravel":20,"minecraft:white_bed":16,"minecraft:lily_of_the_valley":1,"minecraft:spider_eye":1,"minecraft:mossy_cobblestone":1,"minecraft:diamond":10,"minecraft:stone_axe":8,"minecraft:granite":118,"minecraft:diamond_axe":2,"minecraft:bone_meal":2,"minecraft:cherry_sapling":13,"minecraft:oak_button":2,"minecraft:oak_sapling":13,"minecraft:coal":163,"minecraft:crimson_roots":3,"minecraft:sunflower":2},"minecraft:used":{"minecraft:oak_fence":1,"minecraft:cherry_sapling":4,"minecraft:stone_sword":21,"minecraft:stone_shovel":187,"minecraft:chest":1,"minecraft:cooked_salmon":2,"minecraft:cooked_chicken":2,"minecraft:rotten_flesh":12,"minecraft:iron_chestplate":1,"minecraft:torch":17,"minecraft:dirt":139,"minecraft:mutton":3,"minecraft:lily_of_the_valley":1,"minecraft:wooden_axe":46,"minecraft:lava_bucket":19,"minecraft:iron_axe":31,"minecraft:iron_helmet":2,"minecraft:iron_boots":2,"minecraft:bow":1,"minecraft:beef":3,"minecraft:hay_block":1,"minecraft:furnace":13,"minecraft:potato":54,"minecraft:cooked_beef":3,"minecraft:cobbled_deepslate":50,"minecraft:cherry_log":2,"minecraft:iron_leggings":1,"minecraft:cooked_mutton":12,"minecraft:water_bucket":2,"minecraft:birch_planks":1,"minecraft:oak_planks":114,"minecraft:stone_pickaxe":620,"minecraft:wooden_pickaxe":96,"minecraft:diamond_axe":428,"minecraft:crafting_table":29,"minecraft:white_bed":14,"minecraft:oak_log":4,"minecraft:diamond_pickaxe":14,"minecraft:diamond_shovel":6,"minecraft:iron_pickaxe":494,"minecraft:stone_axe":253,"minecraft:cobblestone":264,"minecraft:porkchop":14,"minecraft:cooked_porkchop":8,"minecraft:andesite":24,"minecraft:bucket":21,"minecraft:yellow_bed":2,"minecraft:oak_boat":2,"minecraft:stripped_oak_log":2,"minecraft:bone_meal":14},"minecraft:crafted":{"minecraft:oak_planks":288,"minecraft:stone_shovel":4,"minecraft:cooked_chicken":2,"minecraft:furnace":6,"minecraft:bone_meal":24,"minecraft:cooked_mutton":8,"minecraft:iron_boots":1,"minecraft:iron_axe":1,"minecraft:stone_pickaxe":10,"minecraft:cooked_beef":6,"minecraft:diamond_sword":1,"minecraft:cooked_porkchop":20,"minecraft:crafting_table":10,"minecraft:wooden_pickaxe":7,"minecraft:iron_helmet":2,"minecraft:cooked_salmon":3,"minecraft:birch_planks":68,"minecraft:stone_axe":7,"minecraft:oak_boat":1,"minecraft:iron_chestplate":2,"minecraft:diamond_pickaxe":1,"minecraft:shield":2,"minecraft:stick":120,"minecraft:iron_ingot":37,"minecraft:iron_pickaxe":2,"minecraft:wooden_axe":2,"minecraft:stone_sword":3,"minecraft:iron_shovel":1,"minecraft:iron_leggings":1,"minecraft:white_bed":2,"minecraft:torch":20},"minecraft:mined":{"minecraft:white_bed":15,"minecraft:mossy_cobblestone":1,"minecraft:dark_oak_leaves":1,"minecraft:deepslate_diamond_ore":5,"minecraft:oak_door":1,"minecraft:cherry_log":251,"minecraft:cherry_sapling":1,"minecraft:granite":38,"minecraft:grass_block":71,"minecraft:crimson_roots":3,"minecraft:spruce_leaves":4,"minecraft:hay_block":2,"minecraft:polished_blackstone_bricks":3,"minecraft:redstone_ore":3,"minecraft:sculk_catalyst":1,"minecraft:furnace":12,"minecraft:iron_ore":25,"minecraft:cobbled_deepslate":40,"minecraft:fire":10,"minecraft:andesite":26,"minecraft:pointed_dripstone":2,"minecraft:deepslate_iron_ore":20,"minecraft:oak_stairs":3,"minecraft:stripped_oak_log":4,"minecraft:stone":625,"minecraft:deepslate_redstone_ore":5,"minecraft:glass_pane":2,"minecraft:lily_of_the_valley":1,"minecraft:oak_fence":1,"minecraft:crafting_table":26,"minecraft:short_grass":75,"minecraft:chest":2,"minecraft:copper_ore":10,"minecraft:tall_grass":6,"minecraft:cobblestone":99,"minecraft:oak_planks":10,"minecraft:sugar_cane":1,"minecraft:diorite":31,"minecraft:wall_torch":1,"minecraft:pink_petals":6,"minecraft:birch_planks":1,"minecraft:birch_log":19,"minecraft:birch_leaves":6,"minecraft:yellow_bed":2,"minecraft:oak_log":197,"minecraft:coal_ore":76,"minecraft:gravel":4,"minecraft:cherry_leaves":16,"minecraft:dirt":198,"minecraft:dripstone_block":1,"minecraft:oak_leaves":64,"minecraft:deepslate":109},"minecraft:broken":{"minecraft:stone_pickaxe":3,"minecraft:stone_axe":1,"minecraft:iron_pickaxe":1},"minecraft:killed_by":{"minecraft:player":2,"minecraft:spider":1,"minecraft:piglin":1,"minecraft:skeleton":3,"minecraft:zombie":2},"minecraft:dropped":{"minecraft:golden_boots":1,"minecraft:iron_ingot":1,"minecraft:birch_planks":1,"minecraft:diamond_axe":1,"minecraft:lapis_lazuli":64,"minecraft:crafting_table":1,"minecraft:feather":2,"minecraft:oak_fence":1,"minecraft:cobblestone":5,"minecraft:oxeye_daisy":1,"minecraft:dirt":144,"minecraft:diorite":9,"minecraft:wooden_axe":1,"minecraft:oak_stairs":2,"minecraft:sunflower":1,"minecraft:bone_meal":1,"minecraft:iron_axe":1,"minecraft:string":7,"minecraft:white_wool":1,"minecraft:gravel":12,"minecraft:stone_axe":4,"minecraft:sugar_cane":2,"minecraft:stone_sword":1,"minecraft:obsidian":9,"minecraft:pointed_dripstone":4,"minecraft:cherry_sapling":4,"minecraft:white_bed":1,"minecraft:salmon":3,"minecraft:oak_button":1,"minecraft:spider_eye":1,"minecraft:bow":1,"minecraft:stone_pickaxe":1,"minecraft:wooden_pickaxe":1,"minecraft:egg":7},"minecraft:custom":{"minecraft:mob_kills":55,"minecraft:interact_with_crafting_table":67,"minecraft:leave_game":7,"minecraft:time_since_death":3992,"minecraft:climb_one_cm":16,"minecraft:sprint_one_cm":615413,"minecraft:walk_one_cm":918431,"minecraft:drop":43,"minecraft:talked_to_villager":11,"minecraft:play_time":312431,"minecraft:sneak_time":13404,"minecraft:deaths":16,"minecraft:walk_under_water_one_cm":36584,"minecraft:boat_one_cm":22959,"minecraft:jump":4382,"minecraft:walk_on_water_one_cm":40271,"minecraft:total_world_time":312431,"minecraft:interact_with_furnace":79,"minecraft:sleep_in_bed":8,"minecraft:time_since_rest":4034,"minecraft:damage_taken":7393,"minecraft:damage_dealt":6595,"minecraft:swim_one_cm":5435,"minecraft:fly_one_cm":305311,"minecraft:open_chest":33,"minecraft:crouch_one_cm":23300,"minecraft:fall_one_cm":125770}},"DataVersion":3953}