{"stats":{"minecraft:mined":{"minecraft:deepslate_redstone_ore":5,"minecraft:white_bed":4,"minecraft:deepslate_diamond_ore":5,"minecraft:crafting_table":7,"minecraft:granite":15,"minecraft:short_grass":9,"minecraft:grass_block":29,"minecraft:copper_ore":3,"minecraft:cobblestone":93,"minecraft:oak_planks":5,"minecraft:diorite":7,"minecraft:wall_torch":1,"minecraft:sculk_catalyst":1,"minecraft:furnace":3,"minecraft:iron_ore":6,"minecraft:cobbled_deepslate":40,"minecraft:andesite":3,"minecraft:birch_leaves":2,"minecraft:pointed_dripstone":2,"minecraft:oak_log":24,"minecraft:coal_ore":25,"minecraft:deepslate_iron_ore":3,"minecraft:dirt":52,"minecraft:stone":171,"minecraft:oak_leaves":17,"minecraft:deepslate":54},"minecraft:custom":{"minecraft:interact_with_furnace":14,"minecraft:mob_kills":17,"minecraft:interact_with_crafting_table":15,"minecraft:leave_game":2,"minecraft:time_since_death":19772,"minecraft:sleep_in_bed":3,"minecraft:time_since_rest":0,"minecraft:sprint_one_cm":136767,"minecraft:damage_taken":1831,"minecraft:walk_one_cm":274237,"minecraft:drop":4,"minecraft:damage_dealt":1941,"minecraft:swim_one_cm":4874,"minecraft:fly_one_cm":57220,"minecraft:play_time":101311,"minecraft:crouch_one_cm":8517,"minecraft:sneak_time":6417,"minecraft:deaths":3,"minecraft:walk_under_water_one_cm":18035,"minecraft:jump":1552,"minecraft:walk_on_water_one_cm":17231,"minecraft:total_world_time":101311,"minecraft:fall_one_cm":37813},"minecraft:broken":{"minecraft:stone_pickaxe":1},"minecraft:used":{"minecraft:cooked_mutton":5,"minecraft:stone_sword":21,"minecraft:stone_shovel":42,"minecraft:stone_pickaxe":230,"minecraft:oak_planks":61,"minecraft:wooden_pickaxe":23,"minecraft:cooked_chicken":1,"minecraft:rotten_flesh":6,"minecraft:torch":13,"minecraft:dirt":37,"minecraft:mutton":3,"minecraft:crafting_table":10,"minecraft:white_bed":4,"minecraft:wooden_axe":22,"minecraft:iron_pickaxe":189,"minecraft:stone_axe":79,"minecraft:cobblestone":216,"minecraft:furnace":3,"minecraft:cooked_beef":3,"minecraft:cobbled_deepslate":50},"minecraft:dropped":{"minecraft:stone_axe":1,"minecraft:crafting_table":1,"minecraft:feather":1,"minecraft:salmon":3},"minecraft:picked_up":{"minecraft:wooden_axe":1,"minecraft:crafting_table":9,"minecraft:feather":3,"minecraft:chicken":1,"minecraft:salmon":6,"minecraft:andesite":8,"minecraft:leather":4,"minecraft:wooden_pickaxe":1,"minecraft:oak_log":24,"minecraft:dirt":121,"minecraft:string":4,"minecraft:raw_copper":26,"minecraft:cooked_mutton":3,"minecraft:wheat_seeds":3,"minecraft:cobbled_deepslate":184,"minecraft:stone_pickaxe":1,"minecraft:iron_ingot":4,"minecraft:beef":3,"minecraft:iron_pickaxe":1,"minecraft:oak_planks":7,"minecraft:furnace":4,"minecraft:stick":2,"minecraft:raw_iron":9,"minecraft:torch":5,"minecraft:gravel":2,"minecraft:pointed_dripstone":2,"minecraft:diorite":16,"minecraft:white_bed":4,"minecraft:redstone":46,"minecraft:stone_sword":1,"minecraft:rotten_flesh":10,"minecraft:arrow":4,"minecraft:stone_shovel":1,"minecraft:diamond":10,"minecraft:stone_axe":2,"minecraft:granite":30,"minecraft:bone_meal":1,"minecraft:oak_sapling":4,"minecraft:mutton":7,"minecraft:coal":95,"minecraft:white_wool":5,"minecraft:cobblestone":329},"minecraft:crafted":{"minecraft:cooked_beef":3,"minecraft:oak_planks":96,"minecraft:stone_shovel":1,"minecraft:crafting_table":4,"minecraft:wooden_pickaxe":2,"minecraft:cooked_chicken":1,"minecraft:furnace":1,"minecraft:stone_axe":2,"minecraft:cooked_mutton":2,"minecraft:stick":28,"minecraft:iron_ingot":7,"minecraft:iron_pickaxe":1,"minecraft:stone_pickaxe":3,"minecraft:wooden_axe":1,"minecraft:stone_sword":2,"minecraft:white_bed":1,"minecraft:torch":12},"minecraft:killed":{"minecraft:salmon":3,"minecraft:spider":2,"minecraft:skeleton":1,"minecraft:sheep":4,"minecraft:zombie":4,"minecraft:chicken":1,"minecraft:cow":2},"minecraft:killed_by":{"minecraft:player":1,"minecraft:skeleton":1}},"DataVersion":3953}