{"stats":{"minecraft:mined":{"minecraft:deepslate_redstone_ore":5,"minecraft:white_bed":4,"minecraft:deepslate_diamond_ore":5,"minecraft:crafting_table":7,"minecraft:granite":15,"minecraft:short_grass":8,"minecraft:grass_block":21,"minecraft:copper_ore":3,"minecraft:cobblestone":93,"minecraft:oak_planks":5,"minecraft:diorite":7,"minecraft:wall_torch":1,"minecraft:sculk_catalyst":1,"minecraft:furnace":3,"minecraft:iron_ore":6,"minecraft:cobbled_deepslate":40,"minecraft:andesite":3,"minecraft:birch_leaves":2,"minecraft:pointed_dripstone":2,"minecraft:oak_log":19,"minecraft:coal_ore":25,"minecraft:deepslate_iron_ore":3,"minecraft:dirt":39,"minecraft:stone":163,"minecraft:oak_leaves":12,"minecraft:deepslate":54},"minecraft:custom":{"minecraft:interact_with_furnace":14,"minecraft:mob_kills":13,"minecraft:interact_with_crafting_table":13,"minecraft:leave_game":2,"minecraft:time_since_death":1080,"minecraft:sleep_in_bed":2,"minecraft:time_since_rest":1107,"minecraft:sprint_one_cm":98738,"minecraft:damage_taken":1581,"minecraft:walk_one_cm":214018,"minecraft:drop":3,"minecraft:damage_dealt":1709,"minecraft:swim_one_cm":4594,"minecraft:fly_one_cm":48639,"minecraft:crouch_one_cm":6961,"minecraft:play_time":82619,"minecraft:deaths":3,"minecraft:sneak_time":5419,"minecraft:walk_under_water_one_cm":5609,"minecraft:jump":1268,"minecraft:walk_on_water_one_cm":10345,"minecraft:total_world_time":82619,"minecraft:fall_one_cm":30331},"minecraft:broken":{"minecraft:stone_pickaxe":1},"minecraft:used":{"minecraft:cooked_mutton":4,"minecraft:stone_sword":18,"minecraft:stone_shovel":42,"minecraft:stone_pickaxe":230,"minecraft:oak_planks":52,"minecraft:wooden_pickaxe":14,"minecraft:rotten_flesh":6,"minecraft:cooked_chicken":1,"minecraft:torch":13,"minecraft:dirt":20,"minecraft:mutton":3,"minecraft:crafting_table":9,"minecraft:white_bed":4,"minecraft:wooden_axe":22,"minecraft:iron_pickaxe":189,"minecraft:stone_axe":65,"minecraft:cobblestone":216,"minecraft:furnace":3,"minecraft:cooked_beef":3,"minecraft:cobbled_deepslate":50},"minecraft:dropped":{"minecraft:stone_axe":1,"minecraft:crafting_table":1,"minecraft:feather":1},"minecraft:picked_up":{"minecraft:wooden_axe":1,"minecraft:crafting_table":9,"minecraft:feather":3,"minecraft:chicken":1,"minecraft:andesite":8,"minecraft:leather":4,"minecraft:wooden_pickaxe":1,"minecraft:oak_log":19,"minecraft:dirt":101,"minecraft:string":4,"minecraft:raw_copper":26,"minecraft:cooked_mutton":2,"minecraft:wheat_seeds":2,"minecraft:cobbled_deepslate":184,"minecraft:iron_ingot":4,"minecraft:stone_pickaxe":1,"minecraft:beef":3,"minecraft:iron_pickaxe":1,"minecraft:oak_planks":7,"minecraft:furnace":4,"minecraft:stick":2,"minecraft:raw_iron":9,"minecraft:torch":5,"minecraft:gravel":2,"minecraft:pointed_dripstone":2,"minecraft:diorite":16,"minecraft:white_bed":4,"minecraft:redstone":46,"minecraft:stone_shovel":1,"minecraft:stone_sword":1,"minecraft:arrow":4,"minecraft:rotten_flesh":6,"minecraft:diamond":10,"minecraft:stone_axe":2,"minecraft:granite":30,"minecraft:oak_sapling":3,"minecraft:coal":95,"minecraft:mutton":7,"minecraft:white_wool":5,"minecraft:cobblestone":321},"minecraft:crafted":{"minecraft:cooked_beef":3,"minecraft:oak_planks":76,"minecraft:stone_shovel":1,"minecraft:crafting_table":3,"minecraft:wooden_pickaxe":1,"minecraft:cooked_chicken":1,"minecraft:furnace":1,"minecraft:stone_axe":1,"minecraft:cooked_mutton":2,"minecraft:stick":20,"minecraft:iron_ingot":7,"minecraft:iron_pickaxe":1,"minecraft:stone_pickaxe":2,"minecraft:wooden_axe":1,"minecraft:stone_sword":1,"minecraft:white_bed":1,"minecraft:torch":12},"minecraft:killed":{"minecraft:spider":2,"minecraft:sheep":4,"minecraft:skeleton":1,"minecraft:zombie":3,"minecraft:chicken":1,"minecraft:cow":2},"minecraft:killed_by":{"minecraft:player":1,"minecraft:skeleton":1}},"DataVersion":3953}