{"stats":{"minecraft:mined":{"minecraft:furnace":2,"minecraft:iron_ore":2,"minecraft:crafting_table":3,"minecraft:granite":2,"minecraft:short_grass":5,"minecraft:oak_log":19,"minecraft:grass_block":6,"minecraft:coal_ore":21,"minecraft:dirt":6,"minecraft:stone":24,"minecraft:oak_planks":4,"minecraft:oak_leaves":10},"minecraft:custom":{"minecraft:time_since_rest":21554,"minecraft:interact_with_furnace":10,"minecraft:sprint_one_cm":32617,"minecraft:damage_taken":372,"minecraft:walk_one_cm":68457,"minecraft:mob_kills":7,"minecraft:drop":3,"minecraft:damage_dealt":872,"minecraft:interact_with_crafting_table":6,"minecraft:fly_one_cm":20074,"minecraft:play_time":21554,"minecraft:jump":335,"minecraft:time_since_death":21554,"minecraft:total_world_time":21554,"minecraft:fall_one_cm":10663},"minecraft:used":{"minecraft:cooked_mutton":2,"minecraft:wooden_axe":20,"minecraft:stone_sword":4,"minecraft:stone_shovel":6,"minecraft:stone_pickaxe":39,"minecraft:oak_planks":46,"minecraft:wooden_pickaxe":14,"minecraft:torch":4,"minecraft:stone_axe":41,"minecraft:crafting_table":5,"minecraft:furnace":2,"minecraft:cooked_beef":2},"minecraft:dropped":{"minecraft:stone_axe":1,"minecraft:crafting_table":1,"minecraft:feather":1},"minecraft:picked_up":{"minecraft:raw_iron":2,"minecraft:crafting_table":4,"minecraft:feather":2,"minecraft:chicken":1,"minecraft:leather":2,"minecraft:oak_log":19,"minecraft:string":2,"minecraft:dirt":12,"minecraft:raw_copper":8,"minecraft:rotten_flesh":2,"minecraft:stone_axe":1,"minecraft:wheat_seeds":1,"minecraft:granite":2,"minecraft:beef":3,"minecraft:oak_sapling":1,"minecraft:mutton":2,"minecraft:oak_planks":6,"minecraft:coal":56,"minecraft:white_wool":1,"minecraft:cobblestone":27,"minecraft:furnace":2},"minecraft:crafted":{"minecraft:cooked_beef":3,"minecraft:oak_planks":76,"minecraft:stone_shovel":1,"minecraft:crafting_table":2,"minecraft:stick":16,"minecraft:cooked_chicken":1,"minecraft:wooden_pickaxe":1,"minecraft:stone_pickaxe":1,"minecraft:wooden_axe":1,"minecraft:stone_sword":1,"minecraft:furnace":1,"minecraft:torch":8,"minecraft:stone_axe":1,"minecraft:cooked_mutton":2},"minecraft:killed":{"minecraft:sheep":1,"minecraft:zombie":2,"minecraft:chicken":1,"minecraft:spider":1,"minecraft:cow":2}},"DataVersion":3953}