{"stats":{"minecraft:mined":{"minecraft:deepslate_diamond_ore":5,"minecraft:crafting_table":6,"minecraft:granite":15,"minecraft:short_grass":7,"minecraft:grass_block":20,"minecraft:copper_ore":1,"minecraft:cobblestone":78,"minecraft:oak_planks":5,"minecraft:diorite":7,"minecraft:sculk_catalyst":1,"minecraft:furnace":3,"minecraft:iron_ore":4,"minecraft:cobbled_deepslate":40,"minecraft:andesite":3,"minecraft:birch_leaves":1,"minecraft:oak_log":19,"minecraft:coal_ore":25,"minecraft:deepslate_iron_ore":3,"minecraft:dirt":30,"minecraft:stone":146,"minecraft:oak_leaves":10,"minecraft:deepslate":42},"minecraft:custom":{"minecraft:interact_with_furnace":14,"minecraft:mob_kills":13,"minecraft:interact_with_crafting_table":11,"minecraft:leave_game":1,"minecraft:time_since_death":53632,"minecraft:time_since_rest":53632,"minecraft:sprint_one_cm":62909,"minecraft:damage_taken":772,"minecraft:walk_one_cm":144463,"minecraft:drop":3,"minecraft:damage_dealt":1695,"minecraft:swim_one_cm":4594,"minecraft:fly_one_cm":32812,"minecraft:crouch_one_cm":1714,"minecraft:play_time":53632,"minecraft:sneak_time":799,"minecraft:walk_under_water_one_cm":3667,"minecraft:jump":757,"minecraft:walk_on_water_one_cm":5463,"minecraft:total_world_time":53632,"minecraft:fall_one_cm":18378},"minecraft:broken":{"minecraft:stone_pickaxe":1},"minecraft:used":{"minecraft:cooked_mutton":4,"minecraft:stone_sword":18,"minecraft:stone_shovel":40,"minecraft:stone_pickaxe":229,"minecraft:oak_planks":52,"minecraft:wooden_pickaxe":14,"minecraft:rotten_flesh":1,"minecraft:cooked_chicken":1,"minecraft:torch":9,"minecraft:mutton":3,"minecraft:crafting_table":8,"minecraft:wooden_axe":20,"minecraft:iron_pickaxe":135,"minecraft:stone_axe":64,"minecraft:cobblestone":91,"minecraft:furnace":3,"minecraft:cooked_beef":3,"minecraft:cobbled_deepslate":40},"minecraft:dropped":{"minecraft:stone_axe":1,"minecraft:crafting_table":1,"minecraft:feather":1},"minecraft:picked_up":{"minecraft:crafting_table":7,"minecraft:feather":2,"minecraft:chicken":1,"minecraft:andesite":3,"minecraft:leather":2,"minecraft:oak_log":19,"minecraft:dirt":50,"minecraft:string":2,"minecraft:raw_copper":11,"minecraft:cooked_mutton":2,"minecraft:wheat_seeds":1,"minecraft:cobbled_deepslate":80,"minecraft:beef":3,"minecraft:oak_planks":7,"minecraft:furnace":3,"minecraft:raw_iron":7,"minecraft:gravel":1,"minecraft:diorite":7,"minecraft:arrow":2,"minecraft:rotten_flesh":3,"minecraft:diamond":5,"minecraft:stone_axe":1,"minecraft:granite":15,"minecraft:oak_sapling":1,"minecraft:coal":78,"minecraft:mutton":7,"minecraft:white_wool":4,"minecraft:cobblestone":226},"minecraft:crafted":{"minecraft:cooked_beef":3,"minecraft:oak_planks":76,"minecraft:stone_shovel":1,"minecraft:crafting_table":3,"minecraft:wooden_pickaxe":1,"minecraft:cooked_chicken":1,"minecraft:furnace":1,"minecraft:stone_axe":1,"minecraft:cooked_mutton":2,"minecraft:stick":20,"minecraft:iron_ingot":7,"minecraft:iron_pickaxe":1,"minecraft:stone_pickaxe":2,"minecraft:wooden_axe":1,"minecraft:stone_sword":1,"minecraft:torch":12},"minecraft:killed":{"minecraft:spider":2,"minecraft:sheep":4,"minecraft:skeleton":1,"minecraft:zombie":3,"minecraft:chicken":1,"minecraft:cow":2}},"DataVersion":3953}