{"stats":{"minecraft:mined":{"minecraft:deepslate_redstone_ore":5,"minecraft:white_bed":4,"minecraft:deepslate_diamond_ore":5,"minecraft:crafting_table":7,"minecraft:granite":15,"minecraft:short_grass":8,"minecraft:grass_block":22,"minecraft:copper_ore":3,"minecraft:cobblestone":93,"minecraft:oak_planks":5,"minecraft:diorite":7,"minecraft:wall_torch":1,"minecraft:sculk_catalyst":1,"minecraft:furnace":3,"minecraft:iron_ore":6,"minecraft:cobbled_deepslate":40,"minecraft:andesite":3,"minecraft:birch_leaves":2,"minecraft:pointed_dripstone":2,"minecraft:oak_log":24,"minecraft:coal_ore":25,"minecraft:deepslate_iron_ore":3,"minecraft:dirt":39,"minecraft:stone":171,"minecraft:oak_leaves":16,"minecraft:deepslate":54},"minecraft:custom":{"minecraft:interact_with_furnace":14,"minecraft:mob_kills":16,"minecraft:interact_with_crafting_table":15,"minecraft:leave_game":2,"minecraft:time_since_death":7772,"minecraft:sleep_in_bed":2,"minecraft:time_since_rest":7799,"minecraft:sprint_one_cm":107336,"minecraft:damage_taken":1621,"minecraft:walk_one_cm":237857,"minecraft:drop":3,"minecraft:damage_dealt":1819,"minecraft:swim_one_cm":4874,"minecraft:fly_one_cm":50276,"minecraft:play_time":89311,"minecraft:crouch_one_cm":7110,"minecraft:sneak_time":5561,"minecraft:deaths":3,"minecraft:walk_under_water_one_cm":11759,"minecraft:jump":1379,"minecraft:walk_on_water_one_cm":13360,"minecraft:total_world_time":89311,"minecraft:fall_one_cm":32858},"minecraft:broken":{"minecraft:stone_pickaxe":1},"minecraft:used":{"minecraft:cooked_mutton":4,"minecraft:stone_sword":21,"minecraft:stone_shovel":42,"minecraft:stone_pickaxe":230,"minecraft:oak_planks":53,"minecraft:wooden_pickaxe":23,"minecraft:cooked_chicken":1,"minecraft:rotten_flesh":6,"minecraft:torch":13,"minecraft:dirt":20,"minecraft:mutton":3,"minecraft:crafting_table":10,"minecraft:white_bed":4,"minecraft:wooden_axe":22,"minecraft:iron_pickaxe":189,"minecraft:stone_axe":70,"minecraft:cobblestone":216,"minecraft:furnace":3,"minecraft:cooked_beef":3,"minecraft:cobbled_deepslate":50},"minecraft:dropped":{"minecraft:stone_axe":1,"minecraft:crafting_table":1,"minecraft:feather":1},"minecraft:picked_up":{"minecraft:wooden_axe":1,"minecraft:crafting_table":9,"minecraft:feather":3,"minecraft:chicken":1,"minecraft:salmon":3,"minecraft:andesite":8,"minecraft:leather":4,"minecraft:wooden_pickaxe":1,"minecraft:oak_log":24,"minecraft:dirt":102,"minecraft:string":4,"minecraft:raw_copper":26,"minecraft:cooked_mutton":2,"minecraft:wheat_seeds":2,"minecraft:cobbled_deepslate":184,"minecraft:stone_pickaxe":1,"minecraft:iron_ingot":4,"minecraft:beef":3,"minecraft:iron_pickaxe":1,"minecraft:oak_planks":7,"minecraft:furnace":4,"minecraft:stick":2,"minecraft:raw_iron":9,"minecraft:torch":5,"minecraft:gravel":2,"minecraft:pointed_dripstone":2,"minecraft:diorite":16,"minecraft:white_bed":4,"minecraft:redstone":46,"minecraft:stone_sword":1,"minecraft:rotten_flesh":8,"minecraft:arrow":4,"minecraft:stone_shovel":1,"minecraft:diamond":10,"minecraft:stone_axe":2,"minecraft:granite":30,"minecraft:bone_meal":1,"minecraft:oak_sapling":4,"minecraft:mutton":7,"minecraft:coal":95,"minecraft:white_wool":5,"minecraft:cobblestone":329},"minecraft:crafted":{"minecraft:cooked_beef":3,"minecraft:oak_planks":96,"minecraft:stone_shovel":1,"minecraft:crafting_table":4,"minecraft:wooden_pickaxe":2,"minecraft:cooked_chicken":1,"minecraft:furnace":1,"minecraft:stone_axe":2,"minecraft:cooked_mutton":2,"minecraft:stick":28,"minecraft:iron_ingot":7,"minecraft:iron_pickaxe":1,"minecraft:stone_pickaxe":3,"minecraft:wooden_axe":1,"minecraft:stone_sword":2,"minecraft:white_bed":1,"minecraft:torch":12},"minecraft:killed":{"minecraft:salmon":3,"minecraft:spider":2,"minecraft:skeleton":1,"minecraft:sheep":4,"minecraft:zombie":3,"minecraft:chicken":1,"minecraft:cow":2},"minecraft:killed_by":{"minecraft:player":1,"minecraft:skeleton":1}},"DataVersion":3953}