{"stats":{"minecraft:mined":{"minecraft:deepslate_redstone_ore":5,"minecraft:white_bed":6,"minecraft:deepslate_diamond_ore":5,"minecraft:crafting_table":18,"minecraft:granite":37,"minecraft:short_grass":14,"minecraft:grass_block":40,"minecraft:chest":1,"minecraft:copper_ore":10,"minecraft:cobblestone":94,"minecraft:spruce_leaves":4,"minecraft:oak_planks":7,"minecraft:diorite":31,"minecraft:wall_torch":1,"minecraft:redstone_ore":3,"minecraft:sculk_catalyst":1,"minecraft:furnace":6,"minecraft:birch_log":19,"minecraft:iron_ore":20,"minecraft:cobbled_deepslate":40,"minecraft:andesite":22,"minecraft:birch_leaves":3,"minecraft:pointed_dripstone":2,"minecraft:oak_log":72,"minecraft:coal_ore":50,"minecraft:deepslate_iron_ore":20,"minecraft:dripstone_block":1,"minecraft:dirt":121,"minecraft:stripped_oak_log":1,"minecraft:stone":508,"minecraft:oak_leaves":32,"minecraft:deepslate":109},"minecraft:custom":{"minecraft:interact_with_furnace":41,"minecraft:mob_kills":20,"minecraft:interact_with_crafting_table":40,"minecraft:leave_game":2,"minecraft:time_since_death":11028,"minecraft:sleep_in_bed":4,"minecraft:time_since_rest":11240,"minecraft:sprint_one_cm":194929,"minecraft:damage_taken":4076,"minecraft:walk_one_cm":418594,"minecraft:drop":21,"minecraft:damage_dealt":2613,"minecraft:swim_one_cm":4874,"minecraft:fly_one_cm":71346,"minecraft:open_chest":7,"minecraft:play_time":167311,"minecraft:crouch_one_cm":9966,"minecraft:sneak_time":7613,"minecraft:deaths":10,"minecraft:walk_under_water_one_cm":25321,"minecraft:jump":2126,"minecraft:walk_on_water_one_cm":25341,"minecraft:total_world_time":167311,"minecraft:fall_one_cm":60339},"minecraft:broken":{"minecraft:stone_pickaxe":2,"minecraft:iron_pickaxe":1},"minecraft:used":{"minecraft:cooked_mutton":5,"minecraft:stone_sword":21,"minecraft:stone_shovel":75,"minecraft:stone_pickaxe":436,"minecraft:oak_planks":72,"minecraft:wooden_pickaxe":65,"minecraft:cooked_salmon":2,"minecraft:cooked_chicken":1,"minecraft:rotten_flesh":12,"minecraft:iron_chestplate":1,"minecraft:torch":17,"minecraft:dirt":71,"minecraft:mutton":3,"minecraft:crafting_table":20,"minecraft:white_bed":5,"minecraft:wooden_axe":22,"minecraft:iron_axe":31,"minecraft:iron_pickaxe":494,"minecraft:iron_helmet":1,"minecraft:iron_boots":1,"minecraft:stone_axe":146,"minecraft:cobblestone":259,"minecraft:furnace":6,"minecraft:andesite":24,"minecraft:cooked_beef":3,"minecraft:cobbled_deepslate":50,"minecraft:iron_leggings":1},"minecraft:dropped":{"minecraft:gravel":12,"minecraft:stone_axe":3,"minecraft:stone_sword":1,"minecraft:crafting_table":1,"minecraft:pointed_dripstone":4,"minecraft:feather":2,"minecraft:white_bed":1,"minecraft:salmon":3,"minecraft:diorite":9,"minecraft:wooden_axe":1,"minecraft:spider_eye":1,"minecraft:bone_meal":1,"minecraft:stone_pickaxe":1,"minecraft:wooden_pickaxe":1,"minecraft:string":6,"minecraft:white_wool":1},"minecraft:picked_up":{"minecraft:wooden_axe":2,"minecraft:crafting_table":20,"minecraft:feather":4,"minecraft:chicken":1,"minecraft:salmon":9,"minecraft:andesite":83,"minecraft:leather":4,"minecraft:wooden_pickaxe":3,"minecraft:flint":1,"minecraft:oak_log":71,"minecraft:iron_axe":1,"minecraft:dirt":248,"minecraft:string":10,"minecraft:raw_copper":50,"minecraft:cooked_mutton":3,"minecraft:wheat_seeds":5,"minecraft:cobbled_deepslate":244,"minecraft:stone_pickaxe":3,"minecraft:iron_ingot":4,"minecraft:beef":3,"minecraft:iron_pickaxe":2,"minecraft:chest":1,"minecraft:oak_planks":9,"minecraft:furnace":7,"minecraft:stick":3,"minecraft:raw_iron":40,"minecraft:torch":5,"minecraft:dripstone_block":1,"minecraft:gravel":14,"minecraft:porkchop":3,"minecraft:pointed_dripstone":6,"minecraft:diorite":49,"minecraft:white_bed":7,"minecraft:redstone":59,"minecraft:spider_eye":1,"minecraft:stone_sword":3,"minecraft:rotten_flesh":17,"minecraft:arrow":4,"minecraft:stone_shovel":1,"minecraft:diamond":10,"minecraft:stone_axe":5,"minecraft:granite":115,"minecraft:bone_meal":2,"minecraft:oak_sapling":10,"minecraft:stripped_oak_log":1,"minecraft:mutton":7,"minecraft:coal":137,"minecraft:white_wool":6,"minecraft:cobblestone":671,"minecraft:birch_log":19},"minecraft:crafted":{"minecraft:cooked_beef":3,"minecraft:oak_planks":152,"minecraft:stone_shovel":2,"minecraft:crafting_table":7,"minecraft:iron_helmet":1,"minecraft:wooden_pickaxe":5,"minecraft:cooked_chicken":1,"minecraft:furnace":2,"minecraft:cooked_salmon":3,"minecraft:birch_planks":68,"minecraft:stone_axe":5,"minecraft:cooked_mutton":2,"minecraft:iron_chestplate":1,"minecraft:iron_boots":1,"minecraft:shield":1,"minecraft:iron_axe":1,"minecraft:stick":84,"minecraft:iron_shovel":1,"minecraft:iron_ingot":32,"minecraft:iron_pickaxe":2,"minecraft:stone_pickaxe":8,"minecraft:wooden_axe":1,"minecraft:stone_sword":3,"minecraft:white_bed":1,"minecraft:torch":16},"minecraft:killed_by":{"minecraft:player":1,"minecraft:skeleton":3,"minecraft:zombie":1},"minecraft:killed":{"minecraft:pig":1,"minecraft:salmon":3,"minecraft:spider":2,"minecraft:skeleton":2,"minecraft:sheep":4,"minecraft:zombie":5,"minecraft:chicken":1,"minecraft:cow":2}},"DataVersion":3953}