{"stats":{"minecraft:mined":{"minecraft:furnace":2,"minecraft:iron_ore":2,"minecraft:birch_leaves":1,"minecraft:crafting_table":4,"minecraft:granite":2,"minecraft:short_grass":6,"minecraft:oak_log":19,"minecraft:grass_block":19,"minecraft:coal_ore":21,"minecraft:dirt":22,"minecraft:stone":86,"minecraft:oak_planks":4,"minecraft:oak_leaves":10},"minecraft:custom":{"minecraft:time_since_rest":33554,"minecraft:interact_with_furnace":10,"minecraft:sprint_one_cm":58095,"minecraft:damage_taken":577,"minecraft:walk_one_cm":113554,"minecraft:mob_kills":11,"minecraft:drop":3,"minecraft:damage_dealt":1389,"minecraft:swim_one_cm":4594,"minecraft:interact_with_crafting_table":6,"minecraft:fly_one_cm":30175,"minecraft:play_time":33554,"minecraft:walk_under_water_one_cm":3667,"minecraft:jump":547,"minecraft:walk_on_water_one_cm":5156,"minecraft:time_since_death":33554,"minecraft:total_world_time":33554,"minecraft:fall_one_cm":15764},"minecraft:used":{"minecraft:cooked_mutton":2,"minecraft:wooden_axe":20,"minecraft:stone_sword":4,"minecraft:stone_shovel":33,"minecraft:stone_pickaxe":102,"minecraft:oak_planks":46,"minecraft:wooden_pickaxe":14,"minecraft:cooked_chicken":1,"minecraft:torch":5,"minecraft:stone_axe":59,"minecraft:cobblestone":8,"minecraft:crafting_table":6,"minecraft:furnace":2,"minecraft:cooked_beef":3},"minecraft:dropped":{"minecraft:stone_axe":1,"minecraft:crafting_table":1,"minecraft:feather":1},"minecraft:picked_up":{"minecraft:raw_iron":2,"minecraft:crafting_table":5,"minecraft:feather":2,"minecraft:chicken":1,"minecraft:leather":2,"minecraft:oak_log":19,"minecraft:string":2,"minecraft:dirt":41,"minecraft:raw_copper":8,"minecraft:arrow":2,"minecraft:rotten_flesh":2,"minecraft:stone_axe":1,"minecraft:wheat_seeds":1,"minecraft:granite":2,"minecraft:beef":3,"minecraft:oak_sapling":1,"minecraft:mutton":5,"minecraft:oak_planks":6,"minecraft:coal":56,"minecraft:white_wool":3,"minecraft:cobblestone":88,"minecraft:furnace":2},"minecraft:crafted":{"minecraft:cooked_beef":3,"minecraft:oak_planks":76,"minecraft:stone_shovel":1,"minecraft:crafting_table":2,"minecraft:stick":16,"minecraft:cooked_chicken":1,"minecraft:wooden_pickaxe":1,"minecraft:stone_pickaxe":1,"minecraft:wooden_axe":1,"minecraft:stone_sword":1,"minecraft:furnace":1,"minecraft:torch":8,"minecraft:stone_axe":1,"minecraft:cooked_mutton":2},"minecraft:killed":{"minecraft:skeleton":1,"minecraft:sheep":3,"minecraft:zombie":2,"minecraft:chicken":1,"minecraft:spider":2,"minecraft:cow":2}},"DataVersion":3953}