{"stats":{"minecraft:mined":{"minecraft:deepslate_redstone_ore":5,"minecraft:white_bed":5,"minecraft:deepslate_diamond_ore":5,"minecraft:crafting_table":13,"minecraft:granite":37,"minecraft:short_grass":13,"minecraft:grass_block":35,"minecraft:chest":1,"minecraft:copper_ore":10,"minecraft:cobblestone":94,"minecraft:oak_planks":5,"minecraft:diorite":29,"minecraft:wall_torch":1,"minecraft:redstone_ore":3,"minecraft:sculk_catalyst":1,"minecraft:furnace":6,"minecraft:iron_ore":18,"minecraft:cobbled_deepslate":40,"minecraft:andesite":22,"minecraft:birch_leaves":2,"minecraft:pointed_dripstone":2,"minecraft:oak_log":37,"minecraft:coal_ore":35,"minecraft:deepslate_iron_ore":20,"minecraft:dripstone_block":1,"minecraft:dirt":100,"minecraft:stone":434,"minecraft:oak_leaves":21,"minecraft:deepslate":109},"minecraft:custom":{"minecraft:interact_with_furnace":41,"minecraft:mob_kills":18,"minecraft:interact_with_crafting_table":28,"minecraft:leave_game":2,"minecraft:time_since_death":35398,"minecraft:sleep_in_bed":4,"minecraft:time_since_rest":21591,"minecraft:sprint_one_cm":141412,"minecraft:damage_taken":2254,"minecraft:walk_one_cm":327923,"minecraft:drop":20,"minecraft:damage_dealt":2042,"minecraft:swim_one_cm":4874,"minecraft:fly_one_cm":59204,"minecraft:open_chest":2,"minecraft:play_time":137311,"minecraft:crouch_one_cm":9523,"minecraft:sneak_time":7075,"minecraft:deaths":4,"minecraft:walk_under_water_one_cm":20680,"minecraft:jump":1777,"minecraft:walk_on_water_one_cm":18322,"minecraft:total_world_time":137311,"minecraft:fall_one_cm":42639},"minecraft:broken":{"minecraft:stone_pickaxe":2,"minecraft:iron_pickaxe":1},"minecraft:used":{"minecraft:cooked_mutton":5,"minecraft:stone_sword":21,"minecraft:stone_shovel":75,"minecraft:stone_pickaxe":361,"minecraft:oak_planks":61,"minecraft:wooden_pickaxe":39,"minecraft:cooked_salmon":2,"minecraft:cooked_chicken":1,"minecraft:rotten_flesh":10,"minecraft:iron_chestplate":1,"minecraft:torch":17,"minecraft:dirt":57,"minecraft:mutton":3,"minecraft:crafting_table":15,"minecraft:white_bed":5,"minecraft:wooden_axe":22,"minecraft:iron_axe":28,"minecraft:iron_pickaxe":492,"minecraft:iron_helmet":1,"minecraft:iron_boots":1,"minecraft:stone_axe":83,"minecraft:cobblestone":244,"minecraft:furnace":6,"minecraft:andesite":24,"minecraft:cooked_beef":3,"minecraft:cobbled_deepslate":50},"minecraft:dropped":{"minecraft:stone_axe":3,"minecraft:stone_sword":1,"minecraft:crafting_table":1,"minecraft:pointed_dripstone":4,"minecraft:feather":2,"minecraft:white_bed":1,"minecraft:salmon":3,"minecraft:diorite":9,"minecraft:wooden_axe":1,"minecraft:spider_eye":1,"minecraft:bone_meal":1,"minecraft:stone_pickaxe":1,"minecraft:wooden_pickaxe":1,"minecraft:string":6,"minecraft:white_wool":1},"minecraft:picked_up":{"minecraft:wooden_axe":2,"minecraft:crafting_table":15,"minecraft:feather":4,"minecraft:chicken":1,"minecraft:salmon":9,"minecraft:andesite":83,"minecraft:leather":4,"minecraft:wooden_pickaxe":3,"minecraft:flint":1,"minecraft:oak_log":37,"minecraft:iron_axe":1,"minecraft:dirt":223,"minecraft:string":10,"minecraft:raw_copper":50,"minecraft:cooked_mutton":3,"minecraft:wheat_seeds":5,"minecraft:cobbled_deepslate":242,"minecraft:stone_pickaxe":3,"minecraft:iron_ingot":4,"minecraft:beef":3,"minecraft:iron_pickaxe":2,"minecraft:chest":1,"minecraft:oak_planks":7,"minecraft:furnace":7,"minecraft:stick":3,"minecraft:raw_iron":38,"minecraft:torch":5,"minecraft:dripstone_block":1,"minecraft:gravel":14,"minecraft:pointed_dripstone":6,"minecraft:diorite":47,"minecraft:white_bed":6,"minecraft:redstone":59,"minecraft:spider_eye":1,"minecraft:stone_sword":3,"minecraft:rotten_flesh":15,"minecraft:arrow":4,"minecraft:stone_shovel":1,"minecraft:diamond":10,"minecraft:stone_axe":5,"minecraft:granite":115,"minecraft:bone_meal":2,"minecraft:oak_sapling":10,"minecraft:mutton":7,"minecraft:coal":122,"minecraft:white_wool":6,"minecraft:cobblestone":591},"minecraft:crafted":{"minecraft:cooked_beef":3,"minecraft:oak_planks":116,"minecraft:stone_shovel":2,"minecraft:crafting_table":4,"minecraft:iron_helmet":1,"minecraft:wooden_pickaxe":2,"minecraft:cooked_chicken":1,"minecraft:furnace":2,"minecraft:cooked_salmon":3,"minecraft:stone_axe":2,"minecraft:cooked_mutton":2,"minecraft:iron_chestplate":1,"minecraft:iron_boots":1,"minecraft:shield":1,"minecraft:iron_axe":1,"minecraft:stick":36,"minecraft:iron_ingot":32,"minecraft:iron_pickaxe":2,"minecraft:stone_pickaxe":4,"minecraft:wooden_axe":1,"minecraft:stone_sword":2,"minecraft:white_bed":1,"minecraft:torch":16},"minecraft:killed":{"minecraft:salmon":3,"minecraft:spider":2,"minecraft:skeleton":2,"minecraft:sheep":4,"minecraft:zombie":4,"minecraft:chicken":1,"minecraft:cow":2},"minecraft:killed_by":{"minecraft:player":1,"minecraft:skeleton":2}},"DataVersion":3953}