{"stats":{"minecraft:mined":{"minecraft:crafting_table":2,"minecraft:short_grass":5,"minecraft:oak_log":19,"minecraft:grass_block":3,"minecraft:coal_ore":20,"minecraft:dirt":3,"minecraft:stone":17,"minecraft:oak_planks":3,"minecraft:oak_leaves":5},"minecraft:custom":{"minecraft:time_since_rest":9554,"minecraft:sprint_one_cm":16325,"minecraft:damage_taken":138,"minecraft:walk_one_cm":28422,"minecraft:mob_kills":2,"minecraft:drop":1,"minecraft:damage_dealt":254,"minecraft:interact_with_crafting_table":4,"minecraft:fly_one_cm":12210,"minecraft:play_time":9554,"minecraft:jump":113,"minecraft:time_since_death":9554,"minecraft:total_world_time":9554,"minecraft:fall_one_cm":2603},"minecraft:used":{"minecraft:wooden_axe":20,"minecraft:stone_pickaxe":25,"minecraft:oak_planks":3,"minecraft:wooden_pickaxe":14,"minecraft:stone_axe":6,"minecraft:crafting_table":3},"minecraft:dropped":{"minecraft:crafting_table":1},"minecraft:picked_up":{"minecraft:crafting_table":3,"minecraft:oak_log":19,"minecraft:string":2,"minecraft:dirt":6,"minecraft:wheat_seeds":1,"minecraft:mutton":2,"minecraft:oak_planks":3,"minecraft:coal":20,"minecraft:white_wool":1,"minecraft:cobblestone":17},"minecraft:crafted":{"minecraft:oak_planks":76,"minecraft:crafting_table":2,"minecraft:stick":16,"minecraft:wooden_pickaxe":1,"minecraft:stone_pickaxe":1,"minecraft:wooden_axe":1,"minecraft:stone_sword":1,"minecraft:furnace":1,"minecraft:stone_axe":1},"minecraft:killed":{"minecraft:sheep":1,"minecraft:spider":1}},"DataVersion":3953}