{"stats":{"minecraft:mined":{"minecraft:white_bed":6,"minecraft:deepslate_diamond_ore":5,"minecraft:granite":38,"minecraft:grass_block":46,"minecraft:spruce_leaves":4,"minecraft:redstone_ore":3,"minecraft:sculk_catalyst":1,"minecraft:furnace":8,"minecraft:iron_ore":20,"minecraft:cobbled_deepslate":40,"minecraft:andesite":26,"minecraft:pointed_dripstone":2,"minecraft:deepslate_iron_ore":20,"minecraft:stripped_oak_log":1,"minecraft:stone":593,"minecraft:deepslate_redstone_ore":5,"minecraft:lily_of_the_valley":1,"minecraft:crafting_table":20,"minecraft:short_grass":20,"minecraft:chest":1,"minecraft:copper_ore":10,"minecraft:cobblestone":94,"minecraft:oak_planks":7,"minecraft:diorite":31,"minecraft:wall_torch":1,"minecraft:birch_log":19,"minecraft:birch_leaves":3,"minecraft:oak_log":88,"minecraft:coal_ore":76,"minecraft:gravel":4,"minecraft:dripstone_block":1,"minecraft:dirt":150,"minecraft:oak_leaves":38,"minecraft:deepslate":109},"minecraft:broken":{"minecraft:stone_pickaxe":2,"minecraft:iron_pickaxe":1},"minecraft:custom":{"minecraft:mob_kills":26,"minecraft:interact_with_crafting_table":48,"minecraft:leave_game":4,"minecraft:time_since_death":1291,"minecraft:sprint_one_cm":240092,"minecraft:walk_one_cm":479202,"minecraft:drop":22,"minecraft:play_time":188037,"minecraft:deaths":13,"minecraft:sneak_time":7751,"minecraft:walk_under_water_one_cm":25321,"minecraft:jump":2327,"minecraft:walk_on_water_one_cm":25341,"minecraft:total_world_time":188037,"minecraft:interact_with_furnace":54,"minecraft:sleep_in_bed":4,"minecraft:time_since_rest":1352,"minecraft:damage_taken":4926,"minecraft:damage_dealt":3214,"minecraft:swim_one_cm":4874,"minecraft:fly_one_cm":83425,"minecraft:open_chest":7,"minecraft:crouch_one_cm":10279,"minecraft:fall_one_cm":73966},"minecraft:used":{"minecraft:stone_sword":21,"minecraft:stone_shovel":100,"minecraft:cooked_salmon":2,"minecraft:cooked_chicken":1,"minecraft:rotten_flesh":12,"minecraft:iron_chestplate":1,"minecraft:torch":17,"minecraft:dirt":95,"minecraft:mutton":3,"minecraft:lily_of_the_valley":1,"minecraft:wooden_axe":46,"minecraft:iron_axe":31,"minecraft:iron_helmet":1,"minecraft:iron_boots":1,"minecraft:furnace":8,"minecraft:cooked_beef":3,"minecraft:cobbled_deepslate":50,"minecraft:iron_leggings":1,"minecraft:cooked_mutton":5,"minecraft:stone_pickaxe":538,"minecraft:oak_planks":77,"minecraft:wooden_pickaxe":87,"minecraft:crafting_table":22,"minecraft:white_bed":5,"minecraft:iron_pickaxe":494,"minecraft:stone_axe":146,"minecraft:cobblestone":259,"minecraft:cooked_porkchop":2,"minecraft:andesite":24},"minecraft:dropped":{"minecraft:crafting_table":1,"minecraft:feather":2,"minecraft:diorite":9,"minecraft:wooden_axe":1,"minecraft:bone_meal":1,"minecraft:string":6,"minecraft:white_wool":1,"minecraft:gravel":12,"minecraft:stone_axe":4,"minecraft:stone_sword":1,"minecraft:pointed_dripstone":4,"minecraft:white_bed":1,"minecraft:salmon":3,"minecraft:spider_eye":1,"minecraft:wooden_pickaxe":1,"minecraft:stone_pickaxe":1},"minecraft:picked_up":{"minecraft:wooden_axe":2,"minecraft:crafting_table":22,"minecraft:chicken":1,"minecraft:wooden_pickaxe":3,"minecraft:iron_axe":1,"minecraft:raw_copper":50,"minecraft:string":10,"minecraft:cobbled_deepslate":244,"minecraft:beef":6,"minecraft:iron_pickaxe":2,"minecraft:chest":1,"minecraft:furnace":9,"minecraft:stick":3,"minecraft:raw_iron":40,"minecraft:torch":5,"minecraft:porkchop":11,"minecraft:pointed_dripstone":6,"minecraft:diorite":49,"minecraft:redstone":59,"minecraft:rotten_flesh":17,"minecraft:arrow":4,"minecraft:stone_sword":3,"minecraft:stone_shovel":1,"minecraft:mutton":7,"minecraft:white_wool":6,"minecraft:cobblestone":756,"minecraft:stripped_oak_log":1,"minecraft:birch_log":19,"minecraft:feather":4,"minecraft:salmon":9,"minecraft:andesite":87,"minecraft:leather":5,"minecraft:flint":2,"minecraft:oak_log":87,"minecraft:dirt":283,"minecraft:cooked_mutton":3,"minecraft:wheat_seeds":6,"minecraft:stone_pickaxe":3,"minecraft:iron_ingot":4,"minecraft:oak_planks":9,"minecraft:cooked_porkchop":1,"minecraft:gravel":17,"minecraft:dripstone_block":1,"minecraft:white_bed":7,"minecraft:lily_of_the_valley":1,"minecraft:spider_eye":1,"minecraft:diamond":10,"minecraft:stone_axe":6,"minecraft:granite":116,"minecraft:bone_meal":2,"minecraft:oak_sapling":10,"minecraft:coal":163},"minecraft:crafted":{"minecraft:oak_planks":192,"minecraft:stone_shovel":3,"minecraft:cooked_chicken":1,"minecraft:furnace":4,"minecraft:cooked_mutton":2,"minecraft:iron_boots":1,"minecraft:iron_axe":1,"minecraft:stone_pickaxe":9,"minecraft:cooked_beef":6,"minecraft:cooked_porkchop":7,"minecraft:crafting_table":8,"minecraft:wooden_pickaxe":6,"minecraft:iron_helmet":1,"minecraft:cooked_salmon":3,"minecraft:birch_planks":68,"minecraft:stone_axe":6,"minecraft:iron_chestplate":1,"minecraft:shield":1,"minecraft:stick":100,"minecraft:iron_ingot":32,"minecraft:iron_pickaxe":2,"minecraft:wooden_axe":2,"minecraft:stone_sword":3,"minecraft:iron_shovel":1,"minecraft:white_bed":1,"minecraft:torch":20},"minecraft:killed":{"minecraft:spider":2,"minecraft:skeleton":2,"minecraft:chicken":1,"minecraft:pig":6,"minecraft:salmon":3,"minecraft:sheep":4,"minecraft:zombie":5,"minecraft:cow":3},"minecraft:killed_by":{"minecraft:player":1,"minecraft:spider":1,"minecraft:skeleton":3,"minecraft:zombie":1}},"DataVersion":3953}